block_req_count,read_block_req_count,write_block_req_count,write_block_req_split,cache_req_count,read_cache_req_count,write_cache_req_count,write_cache_req_split,io_req_byte,read_io_req_byte,write_io_req_byte,write_io_req_split,seq_count,read_seq_count,write_seq_count,write_seq_split,misalignment_byte,read_misalignment_byte,write_misalignment_byte,range,min_offset,wss,read_wss,write_wss,write_wss_split,read_page_popularity_p0,read_page_popularity_p1,read_page_popularity_p5,read_page_popularity_p10,read_page_popularity_p15,read_page_popularity_p20,read_page_popularity_p25,read_page_popularity_p30,read_page_popularity_p35,read_page_popularity_p40,read_page_popularity_p45,read_page_popularity_p50,read_page_popularity_p55,read_page_popularity_p60,read_page_popularity_p65,read_page_popularity_p70,read_page_popularity_p75,read_page_popularity_p80,read_page_popularity_p85,read_page_popularity_p90,read_page_popularity_p95,read_page_popularity_p99,read_page_popularity_p100,read_page_popularity_avg,write_page_popularity_p0,write_page_popularity_p1,write_page_popularity_p5,write_page_popularity_p10,write_page_popularity_p15,write_page_popularity_p20,write_page_popularity_p25,write_page_popularity_p30,write_page_popularity_p35,write_page_popularity_p40,write_page_popularity_p45,write_page_popularity_p50,write_page_popularity_p55,write_page_popularity_p60,write_page_popularity_p65,write_page_popularity_p70,write_page_popularity_p75,write_page_popularity_p80,write_page_popularity_p85,write_page_popularity_p90,write_page_popularity_p95,write_page_popularity_p99,write_page_popularity_p100,write_page_popularity_avg,read_size_p0,read_size_p1,read_size_p5,read_size_p10,read_size_p15,read_size_p20,read_size_p25,read_size_p30,read_size_p35,read_size_p40,read_size_p45,read_size_p50,read_size_p55,read_size_p60,read_size_p65,read_size_p70,read_size_p75,read_size_p80,read_size_p85,read_size_p90,read_size_p95,read_size_p99,read_size_p100,read_size_avg,write_size_p0,write_size_p1,write_size_p5,write_size_p10,write_size_p15,write_size_p20,write_size_p25,write_size_p30,write_size_p35,write_size_p40,write_size_p45,write_size_p50,write_size_p55,write_size_p60,write_size_p65,write_size_p70,write_size_p75,write_size_p80,write_size_p85,write_size_p90,write_size_p95,write_size_p99,write_size_p100,write_size_avg,jump_distance_p0,jump_distance_p1,jump_distance_p5,jump_distance_p10,jump_distance_p15,jump_distance_p20,jump_distance_p25,jump_distance_p30,jump_distance_p35,jump_distance_p40,jump_distance_p45,jump_distance_p50,jump_distance_p55,jump_distance_p60,jump_distance_p65,jump_distance_p70,jump_distance_p75,jump_distance_p80,jump_distance_p85,jump_distance_p90,jump_distance_p95,jump_distance_p99,jump_distance_p100,jump_distance_avg,scan_p0,scan_p1,scan_p5,scan_p10,scan_p15,scan_p20,scan_p25,scan_p30,scan_p35,scan_p40,scan_p45,scan_p50,scan_p55,scan_p60,scan_p65,scan_p70,scan_p75,scan_p80,scan_p85,scan_p90,scan_p95,scan_p99,scan_p100,scan_avg,iat_p0,iat_p1,iat_p5,iat_p10,iat_p15,iat_p20,iat_p25,iat_p30,iat_p35,iat_p40,iat_p45,iat_p50,iat_p55,iat_p60,iat_p65,iat_p70,iat_p75,iat_p80,iat_p85,iat_p90,iat_p95,iat_p99,iat_p100,iat_avg,rate,seed,bits,workload
29842318,19652684,10189634,0.3414491461420658,707703247,616834956,90868291,0.1283988612249507,294912,262144,32768,0.1111111111111111,15856169,12980741,2875428,0.1813444344595469,14749511680,946688,14748564992,78921728,904281174016,571987513344,549975752704,124136439808,0.2170264855648044,1.6211791991892236e-09,1.6211791991892236e-09,1.6211791991892236e-09,1.6211791991892236e-09,6.484716796756894e-09,6.484716796756894e-09,8.105895995946118e-09,8.105895995946118e-09,8.105895995946118e-09,8.105895995946118e-09,8.105895995946118e-09,8.105895995946118e-09,8.105895995946118e-09,8.105895995946118e-09,8.105895995946118e-09,8.105895995946118e-09,8.105895995946118e-09,8.105895995946118e-09,8.105895995946118e-09,8.105895995946118e-09,9.727075195135342e-09,9.727075195135342e-09,4.124279882737385e-06,7.447601062157761e-09,1.1004939005620784e-08,1.1004939005620784e-08,1.1004939005620784e-08,1.1004939005620784e-08,2.2009878011241567e-08,2.2009878011241567e-08,2.2009878011241567e-08,2.2009878011241567e-08,2.2009878011241567e-08,2.2009878011241567e-08,2.2009878011241567e-08,2.2009878011241567e-08,2.2009878011241567e-08,2.2009878011241567e-08,2.2009878011241567e-08,2.2009878011241567e-08,2.2009878011241567e-08,3.3014817016862354e-08,3.3014817016862354e-08,4.4019756022483134e-08,5.502469502810392e-08,1.210543290618286e-07,0.0126749384997237,3.299595192463408e-08,512.0,4096.0,32768.0,32768.0,32768.0,61440.0,65536.0,65536.0,65536.0,65536.0,65536.0,65536.0,65536.0,65536.0,159744.0,262144.0,262144.0,262144.0,262144.0,262144.0,262144.0,262144.0,1048576.0,128560.30418481262,512.0,512.0,512.0,512.0,512.0,512.0,512.0,512.0,4096.0,4096.0,4096.0,4096.0,4096.0,4096.0,4096.0,4096.0,11776.0,32768.0,32768.0,65536.0,262144.0,393216.0,1052672.0,35079.56762176149,-901097742336.0,-581854207344.64,-332241724211.2,-101099434803.19997,-155557888.0,-3448832.0,-1024.0,0.0,0.0,0.0,0.0,0.0,0.0,0.0,0.0,0.0,0.0,155648.0,1983677235.199936,100354722406.4,327285978726.39984,583741937704.96,903997435904.0,-102165.98640219524,1.0,1.0,1.0,1.0,2.0,3.0,4.0,7.0,8.0,9.0,11.0,16.0,19.0,28.0,49.0,64.0,96.0,115.0,193.0,256.0,383.0,3265.0,300711.0,218.1584271720667,1.0,5.0,7.0,29.0,489.0,810.0,1223.0,1514.0,1619.0,1909.0,2247.0,2537.0,2888.0,3527.0,4640.0,7698.0,15468.0,30596.0,31157.0,31294.0,36370.0,246941.0,136951777.0,20432.36757588226,0,0,0,w20
33365953,28810084,4555869,0.1365424509229513,70744758,61654459,9090299,0.1284943119036466,16384,8192,8192,0.5,994399,734728,259671,0.2611336093459466,1482734592,49664,1482684928,78450688,904281538560,57197322240,55001014272,12420333568,0.2171488643451571,1.6219427049063882e-08,1.6219427049063882e-08,1.6219427049063882e-08,1.6219427049063882e-08,6.487770819625554e-08,6.487770819625554e-08,8.10971352453194e-08,8.10971352453194e-08,8.10971352453194e-08,8.10971352453194e-08,8.10971352453194e-08,8.10971352453194e-08,8.10971352453194e-08,8.10971352453194e-08,8.10971352453194e-08,8.10971352453194e-08,8.10971352453194e-08,8.10971352453194e-08,8.10971352453194e-08,8.10971352453194e-08,9.731656229438329e-08,9.731656229438329e-08,1.4775898041697196e-05,7.447135392347173e-08,1.1000738259544601e-07,1.1000738259544601e-07,1.1000738259544601e-07,1.1000738259544601e-07,2.2001476519089205e-07,2.2001476519089205e-07,2.2001476519089205e-07,2.2001476519089205e-07,2.2001476519089205e-07,2.2001476519089205e-07,2.2001476519089205e-07,2.2001476519089205e-07,2.2001476519089205e-07,2.2001476519089205e-07,2.2001476519089205e-07,2.2001476519089205e-07,2.2001476519089205e-07,3.30022147786338e-07,3.30022147786338e-07,4.400295303817841e-07,5.5003691297723e-07,1.2100812085499055e-06,0.011873756847822,3.297818031677523e-07,512.0,4096.0,4096.0,8192.0,8192.0,8192.0,8192.0,8192.0,8192.0,8192.0,8192.0,8192.0,8192.0,8192.0,8192.0,8192.0,8192.0,8192.0,8192.0,8192.0,16384.0,16384.0,57344.0,8765.56327985715,512.0,512.0,512.0,4096.0,4096.0,8192.0,8192.0,8192.0,8192.0,8192.0,8192.0,8192.0,8192.0,8192.0,8192.0,8192.0,8192.0,8192.0,8192.0,8192.0,16384.0,16384.0,49152.0,7847.280019684499,-900940886016.0,-372166196060.16,-21165084672.0,0.0,8192.0,8192.0,16384.0,24576.0,24576.0,32768.0,40960.0,49152.0,57344.0,65536.0,73728.0,90112.0,106496.0,131072.0,172032.0,245760.0,26425122816.0,368312569733.11896,903997546496.0,-13581.348325382714,1.0,1.0,1.0,2.0,2.0,2.0,3.0,4.0,5.0,6.0,7.0,8.0,10.0,12.0,15.0,18.0,22.0,26.0,31.0,40.0,73.0,886.0,56760.0,45.23732524945709,0.0,0.0,0.0,0.0,0.0,0.0,0.0,0.0,0.0,0.0,0.0,0.0,6.0,281.0,1526.0,2291.0,3044.0,6775.0,30725.0,31188.0,31448.0,62329.0,63176851.0,9253.56188497184,10,42,4,w20
63610769,55711509,7899260,0.1241811744171808,70367087,61686006,8681081,0.1233684861787727,8192,4096,4096,0.5,359828,134471,225357,0.6262908945385017,1468685312,269824,1468415488,78577664,904281350144,57201958912,55001423872,12413820928,0.217017409265608,1.6211132229893438e-08,1.6211132229893438e-08,1.6211132229893438e-08,1.6211132229893438e-08,6.484452891957375e-08,6.484452891957375e-08,8.105566114946719e-08,8.105566114946719e-08,8.105566114946719e-08,8.105566114946719e-08,8.105566114946719e-08,8.105566114946719e-08,8.105566114946719e-08,8.105566114946719e-08,8.105566114946719e-08,8.105566114946719e-08,8.105566114946719e-08,8.105566114946719e-08,8.105566114946719e-08,8.105566114946719e-08,9.726679337936064e-08,9.726679337936064e-08,4.749861743358778e-06,7.44707993293456e-08,1.1519302722783029e-07,1.1519302722783029e-07,1.1519302722783029e-07,1.1519302722783029e-07,2.3038605445566055e-07,2.3038605445566055e-07,2.3038605445566055e-07,2.3038605445566055e-07,2.3038605445566055e-07,2.3038605445566055e-07,2.3038605445566055e-07,2.3038605445566055e-07,2.3038605445566055e-07,2.3038605445566055e-07,2.3038605445566055e-07,2.3038605445566055e-07,2.3038605445566055e-07,3.455790816834908e-07,3.455790816834908e-07,4.607721089113211e-07,5.759651361391513e-07,1.267123299506133e-06,0.012433474586863,3.2995481598749865e-07,512.0,4096.0,4096.0,4096.0,4096.0,4096.0,4096.0,4096.0,4096.0,4096.0,4096.0,4096.0,4096.0,4096.0,4096.0,4096.0,4096.0,4096.0,4096.0,4096.0,8192.0,8192.0,28672.0,4535.249812601558,512.0,512.0,2048.0,4096.0,4096.0,4096.0,4096.0,4096.0,4096.0,4096.0,4096.0,4096.0,4096.0,4096.0,4096.0,4096.0,4096.0,4096.0,4096.0,4096.0,8192.0,8192.0,28672.0,4315.504526753139,-900940861440.0,-287807319203.84,-1343488.0,4096.0,4096.0,8192.0,12288.0,12288.0,16384.0,20480.0,24576.0,24576.0,28672.0,36864.0,40960.0,49152.0,57344.0,65536.0,81920.0,106496.0,221184.0,282991994265.5993,903997562880.0,-7099.768215343666,1.0,1.0,1.0,1.0,1.0,1.0,2.0,2.0,3.0,4.0,5.0,6.0,8.0,9.0,12.0,14.0,19.0,23.0,27.0,33.0,59.0,703.0,45097.0,37.26805698132481,0.0,0.0,0.0,0.0,0.0,0.0,0.0,0.0,0.0,0.0,0.0,0.0,0.0,0.0,0.0,0.0,256.0,1951.0,2986.0,15484.0,31219.0,46868.0,65605318.0,5492.420272445068,10,42,3,w20
66638588,58644194,7994394,0.1199664374641311,68322916,60131977,8190939,0.1198856764251689,4096,2048,2048,0.5,130580,33632,96948,0.7424414152243836,136654660096,119987439616,16667220480,78540800,904281554944,55760392192,53616361472,12106117120,0.2171096121116751,1.6630086850462274e-08,1.6630086850462274e-08,1.6630086850462274e-08,1.6630086850462274e-08,6.65203474018491e-08,6.65203474018491e-08,8.315043425231138e-08,8.315043425231138e-08,8.315043425231138e-08,8.315043425231138e-08,8.315043425231138e-08,8.315043425231138e-08,8.315043425231138e-08,8.315043425231138e-08,8.315043425231138e-08,8.315043425231138e-08,8.315043425231138e-08,8.315043425231138e-08,8.315043425231138e-08,8.315043425231138e-08,9.978052110277365e-08,9.978052110277365e-08,1.506685868651882e-05,7.639459089627068e-08,1.220861246799665e-07,1.220861246799665e-07,1.220861246799665e-07,1.220861246799665e-07,2.44172249359933e-07,2.44172249359933e-07,2.44172249359933e-07,2.44172249359933e-07,2.44172249359933e-07,2.44172249359933e-07,2.44172249359933e-07,2.44172249359933e-07,2.44172249359933e-07,2.44172249359933e-07,2.44172249359933e-07,2.44172249359933e-07,2.44172249359933e-07,3.6625837403989946e-07,3.6625837403989946e-07,4.88344498719866e-07,6.104306233998324e-07,1.2208612467996648e-06,0.0131774879534568,3.383413492037982e-07,512.0,2048.0,2048.0,2048.0,2048.0,2048.0,2048.0,2048.0,2048.0,2048.0,2048.0,2048.0,2048.0,2048.0,2048.0,2048.0,2048.0,2048.0,2048.0,2048.0,2048.0,4096.0,12288.0,2153.889917491236,512.0,512.0,2048.0,2048.0,2048.0,2048.0,2048.0,2048.0,2048.0,2048.0,2048.0,2048.0,2048.0,2048.0,2048.0,2048.0,2048.0,2048.0,2048.0,2048.0,2048.0,4096.0,10240.0,2111.838078533533,-900940918784.0,-264691447070.72,-1038336.0,2048.0,6144.0,8192.0,10240.0,12288.0,16384.0,18432.0,22528.0,26624.0,30720.0,34816.0,40960.0,47104.0,55296.0,65536.0,81920.0,104448.0,192512.0,261181719306.24,903997513728.0,-4622.891002895964,1.0,1.0,1.0,1.0,1.0,1.0,2.0,2.0,3.0,4.0,5.0,7.0,8.0,10.0,12.0,15.0,19.0,23.0,27.0,33.0,59.0,737.0,43814.0,37.89470582055241,0.0,0.0,0.0,0.0,0.0,0.0,0.0,0.0,0.0,0.0,0.0,0.0,0.0,0.0,0.0,0.0,11.0,1604.0,2725.0,11527.0,31204.0,46825.0,65332837.0,5099.303797497987,5,42,2,w20
9319078,8061831,1257247,0.1349110931360377,35091237,30851018,4240219,0.1208341273349811,49152,16384,32768,0.6666666666666666,676879,530047,146832,0.2169250338686826,736869888,0,736869888,78622720,904281473024,28613091328,27508432896,6218567680,0.2173329546505406,3.241384125476832e-08,3.241384125476832e-08,3.241384125476832e-08,3.241384125476832e-08,1.2965536501907328e-07,1.2965536501907328e-07,1.620692062738416e-07,1.620692062738416e-07,1.620692062738416e-07,1.620692062738416e-07,1.620692062738416e-07,1.620692062738416e-07,1.620692062738416e-07,1.620692062738416e-07,1.620692062738416e-07,1.620692062738416e-07,1.620692062738416e-07,1.620692062738416e-07,1.620692062738416e-07,1.620692062738416e-07,1.944830475286099e-07,1.944830475286099e-07,3.954488633081735e-06,1.4889979430982388e-07,2.358368754066712e-07,2.358368754066712e-07,2.358368754066712e-07,2.358368754066712e-07,4.716737508133424e-07,4.716737508133424e-07,4.716737508133424e-07,4.716737508133424e-07,4.716737508133424e-07,4.716737508133424e-07,4.716737508133424e-07,4.716737508133424e-07,4.716737508133424e-07,4.716737508133424e-07,4.716737508133424e-07,4.716737508133424e-07,4.716737508133424e-07,7.075106262200136e-07,7.075106262200136e-07,9.433475016266848e-07,1.179184377033356e-06,2.5942056294733835e-06,0.0007509046112948,6.58672577155259e-07,4096.0,4096.0,4096.0,8192.0,12288.0,16384.0,16384.0,16384.0,16384.0,16384.0,16384.0,16384.0,16384.0,16384.0,16384.0,16384.0,16384.0,16384.0,16384.0,16384.0,16384.0,32768.0,98304.0,15674.574389862551,512.0,512.0,512.0,512.0,4096.0,4096.0,8192.0,12288.0,16384.0,16384.0,16384.0,16384.0,16384.0,16384.0,16384.0,16384.0,16384.0,16384.0,16384.0,16384.0,16384.0,32768.0,81920.0,13228.162116115607,-900854435840.0,-430828063293.44,-146340338073.6,-744911667.199997,-1261568.0,0.0,16384.0,32768.0,49152.0,81920.0,114688.0,147456.0,180224.0,229376.0,278528.0,344064.0,442368.0,589824.0,933888.0,1501205299.2000198,146510616985.59967,427020602572.8003,903972601856.0,-33035.88081265988,1.0,1.0,2.0,3.0,4.0,4.0,4.0,4.0,5.0,8.0,8.0,8.0,10.0,12.0,13.0,16.0,20.0,24.0,29.0,43.0,92.0,969.0,30629.0,44.2411547127755,0.0,0.0,0.0,0.0,0.0,0.0,8.0,136.0,914.0,1610.0,2203.0,2660.0,3609.0,6819.0,19762.0,30866.0,31114.0,31194.0,31267.0,31440.0,41064.0,77976.0,136951777.0,17090.94572820892,5,42,5,w20
27662995,24422748,3240247,0.1171329062525586,27729509,24481566,3247943,0.1171294810881793,2048,1024,1024,0.5,14427,1389,13038,0.9037221875649823,84989845504,75016009728,9973835776,78258176,904281530368,22533869568,21669634048,4888944640,0.2169598357373433,4.08470601921462e-08,4.08470601921462e-08,4.08470601921462e-08,4.08470601921462e-08,1.633882407685848e-07,1.633882407685848e-07,2.0423530096073106e-07,2.0423530096073106e-07,2.0423530096073106e-07,2.0423530096073106e-07,2.0423530096073106e-07,2.0423530096073106e-07,2.0423530096073106e-07,2.0423530096073106e-07,2.0423530096073106e-07,2.0423530096073106e-07,2.0423530096073106e-07,2.0423530096073106e-07,2.0423530096073106e-07,2.0423530096073106e-07,2.450823611528773e-07,4.084706019214621e-07,4.574870741520375e-06,1.890202663749203e-07,3.078871765914611e-07,3.078871765914611e-07,3.078871765914611e-07,6.157743531829222e-07,6.157743531829222e-07,6.157743531829222e-07,6.157743531829222e-07,6.157743531829222e-07,6.157743531829222e-07,6.157743531829222e-07,6.157743531829222e-07,6.157743531829222e-07,6.157743531829222e-07,6.157743531829222e-07,6.157743531829222e-07,6.157743531829222e-07,6.157743531829222e-07,9.236615297743834e-07,9.236615297743834e-07,1.2315487063658444e-06,1.2315487063658444e-06,2.77098458932315e-06,0.0010040200828647,8.378086277532483e-07,512.0,1024.0,1024.0,1024.0,1024.0,1024.0,1024.0,1024.0,1024.0,1024.0,1024.0,1024.0,1024.0,1024.0,1024.0,1024.0,1024.0,1024.0,1024.0,1024.0,1024.0,1024.0,4096.0,1034.3014884320144,512.0,512.0,1024.0,1024.0,1024.0,1024.0,1024.0,1024.0,1024.0,1024.0,1024.0,1024.0,1024.0,1024.0,1024.0,1024.0,1024.0,1024.0,1024.0,1024.0,1024.0,1024.0,4096.0,1027.6188056034,-887245232128.0,-352510621941.76,-16297354035.199957,2048.0,7168.0,12288.0,18432.0,25600.0,32768.0,40960.0,50176.0,59392.0,70656.0,83968.0,99328.0,116736.0,139264.0,169984.0,216064.0,314368.0,21084716339.19982,349112851087.36127,900939609088.0,-6993.35860001271,1.0,1.0,1.0,1.0,1.0,1.0,2.0,2.0,3.0,3.0,4.0,5.0,6.0,7.0,8.0,10.0,11.0,14.0,19.0,35.0,98.0,285.0,2266.0,19.82180440480364,0.0,0.0,0.0,0.0,0.0,0.0,0.0,0.0,0.0,0.0,0.0,0.0,7.0,441.0,1685.0,2481.0,3711.0,15436.0,31045.0,31218.0,31523.0,62312.0,63176851.0,9321.988972524088,1,42,1,w20
1094426,931566,162860,0.1488085992109105,7037199,6177761,859438,0.1221278522889575,65536,32768,32768,0.5,164881,129967,34914,0.2117527186273737,149577728,0,149577728,28634836992,875723948032,5728489472,5503614976,1240420352,0.2165353289140163,1.6187094321065512e-07,1.6187094321065512e-07,1.6187094321065512e-07,1.6187094321065512e-07,6.474837728426205e-07,6.474837728426205e-07,8.093547160532756e-07,8.093547160532756e-07,8.093547160532756e-07,8.093547160532756e-07,8.093547160532756e-07,8.093547160532756e-07,8.093547160532756e-07,8.093547160532756e-07,8.093547160532756e-07,8.093547160532756e-07,8.093547160532756e-07,8.093547160532756e-07,8.093547160532756e-07,8.093547160532756e-07,9.712256592639307e-07,9.712256592639307e-07,1.0359740365481928e-05,7.442381085635019e-07,1.1635510647655794e-06,1.1635510647655794e-06,1.1635510647655794e-06,1.1635510647655794e-06,2.327102129531159e-06,2.327102129531159e-06,2.327102129531159e-06,2.327102129531159e-06,2.327102129531159e-06,2.327102129531159e-06,2.327102129531159e-06,2.327102129531159e-06,2.327102129531159e-06,2.327102129531159e-06,2.327102129531159e-06,2.327102129531159e-06,2.327102129531159e-06,3.4906531942967382e-06,3.4906531942967382e-06,4.654204259062318e-06,5.817755323827897e-06,1.2799061712421373e-05,0.0015242518948429,3.3021064136812864e-06,4096.0,4096.0,4096.0,8192.0,12288.0,16384.0,20480.0,24576.0,28672.0,32768.0,32768.0,32768.0,32768.0,32768.0,32768.0,32768.0,32768.0,32768.0,32768.0,32768.0,32768.0,32768.0,98304.0,27162.980460858384,512.0,512.0,512.0,512.0,512.0,512.0,4096.0,5120.0,11776.0,16384.0,24576.0,32768.0,32768.0,32768.0,32768.0,32768.0,32768.0,32768.0,32768.0,32768.0,32768.0,32768.0,98304.0,20696.79675795161,-872542273536.0,-459158735421.44,-205612805324.8,-40344682495.99999,-70778880.0,-5046272.0,0.0,0.0,0.0,65536.0,327680.0,655360.0,1081344.0,1605632.0,2326528.0,3342336.0,5079040.0,9961472.0,142020608.0,43244498944.0,205379620454.39987,456625936138.24,873907576832.0,-176836.24300248988,1.0,1.0,2.0,5.0,7.0,8.0,8.0,8.0,8.0,8.0,8.0,11.0,16.0,16.0,16.0,24.0,27.0,35.0,48.0,72.0,162.0,898.0,22128.0,53.19812619225847,0.0,0.0,6.0,12.0,389.0,967.0,1567.0,2032.0,2449.0,2905.0,3997.0,7245.0,15919.0,30453.0,31025.0,31136.0,31195.0,31252.0,31342.0,31666.0,46724.0,93388.76,62682856.0,21970.058442561163,1,42,6,w20
3095533,2363396,732137,0.2365140349012593,69812611,61330487,8482124,0.1214984496139243,393216,262144,131072,0.3333333333333333,1804276,1465759,338517,0.1876192999297225,1479154176,2560,1479151616,28612988928,875732426752,56833302528,54636101632,12355805184,0.2174043146254377,1.6305104506996662e-08,1.6305104506996662e-08,1.6305104506996662e-08,1.6305104506996662e-08,6.522041802798666e-08,6.522041802798666e-08,8.15255225349833e-08,8.15255225349833e-08,8.15255225349833e-08,8.15255225349833e-08,8.15255225349833e-08,8.15255225349833e-08,8.15255225349833e-08,8.15255225349833e-08,8.15255225349833e-08,8.15255225349833e-08,8.15255225349833e-08,8.15255225349833e-08,8.15255225349833e-08,8.15255225349833e-08,9.783062704197997e-08,9.783062704197997e-08,4.6795649935080415e-06,7.496874552998837e-08,1.1789499894130293e-07,1.1789499894130293e-07,1.1789499894130293e-07,2.3578999788260585e-07,2.3578999788260585e-07,2.3578999788260585e-07,2.3578999788260585e-07,2.3578999788260585e-07,2.3578999788260585e-07,2.3578999788260585e-07,2.3578999788260585e-07,2.3578999788260585e-07,2.3578999788260585e-07,2.3578999788260585e-07,2.3578999788260585e-07,2.3578999788260585e-07,2.3578999788260585e-07,3.536849968239088e-07,3.536849968239088e-07,4.715799957652117e-07,5.894749947065146e-07,1.296844988354332e-06,0.0015456034361204,3.315040937440537e-07,1536.0,4096.0,12288.0,24576.0,32768.0,32768.0,45056.0,61440.0,65536.0,65536.0,65536.0,65536.0,65536.0,65536.0,94208.0,131072.0,167936.0,217088.0,262144.0,262144.0,262144.0,262144.0,516096.0,106291.8242190475,512.0,512.0,512.0,512.0,512.0,512.0,512.0,512.0,512.0,512.0,512.0,4096.0,4096.0,4096.0,12288.0,22016.0,32768.0,57856.0,77824.0,163840.0,290816.0,393216.0,1052672.0,45433.611862260754,-900902830080.0,-502647002808.32,-193693672652.8,-5813245951.999979,-1507328.0,0.0,0.0,0.0,0.0,0.0,0.0,0.0,0.0,0.0,0.0,0.0,0.0,524288.0,7864320.0,19105284096.0,189057122304.0,493631204147.2,900964352000.0,-95269.85734019223,1.0,1.0,1.0,1.0,3.0,6.0,8.0,9.0,12.0,16.0,22.0,31.0,38.0,52.0,66.0,88.0,110.0,132.0,200.0,324.0,704.0,3875.5099999999934,105477.0,210.8604615206216,0.0,5.0,7.0,18.0,461.0,836.0,1330.0,1615.0,1994.0,2324.0,2609.0,3022.0,3853.0,5342.0,10180.0,19015.69999999972,30867.0,31144.0,31238.0,31424.0,46621.0,318367.80999999726,66642092.0,24574.98918247332,10,42,10,w20
468969,379479,89490,0.1908228475656173,7032890,6184857,848033,0.1205810129264072,143360,12288,131072,0.9142857142857144,182669,146849,35820,0.1960923856812048,150587392,6144,150581248,185119379456,719209390080,5732388864,5511520256,1248604160,0.2178156767837863,1.6168522570529925e-07,1.6168522570529925e-07,1.6168522570529925e-07,1.6168522570529925e-07,6.46740902821197e-07,6.46740902821197e-07,8.084261285264963e-07,8.084261285264963e-07,8.084261285264963e-07,8.084261285264963e-07,8.084261285264963e-07,8.084261285264963e-07,8.084261285264963e-07,8.084261285264963e-07,8.084261285264963e-07,8.084261285264963e-07,8.084261285264963e-07,8.084261285264963e-07,8.084261285264963e-07,8.084261285264963e-07,9.701113542317956e-07,9.701113542317956e-07,1.0347854445139152e-05,7.431706334637834e-07,1.179199394363191e-06,1.179199394363191e-06,1.179199394363191e-06,2.358398788726382e-06,2.358398788726382e-06,2.358398788726382e-06,2.358398788726382e-06,2.358398788726382e-06,2.358398788726382e-06,2.358398788726382e-06,2.358398788726382e-06,2.358398788726382e-06,2.358398788726382e-06,2.358398788726382e-06,2.358398788726382e-06,2.358398788726382e-06,2.358398788726382e-06,3.537598183089573e-06,3.537598183089573e-06,4.716797577452764e-06,5.895996971815955e-06,1.2971193337995102e-05,0.0023242020062898,3.2804632014040377e-06,4096.0,4096.0,8192.0,12288.0,20480.0,24576.0,32768.0,32768.0,40960.0,49152.0,57344.0,61440.0,65536.0,65536.0,73728.0,90112.0,106496.0,126976.0,131072.0,131072.0,131072.0,131072.0,262144.0,66757.76031875281,512.0,512.0,512.0,512.0,512.0,512.0,512.0,512.0,512.0,4096.0,4096.0,8192.0,13824.0,23040.0,32768.0,45056.0,65536.0,90112.0,126464.0,131072.0,131072.0,131072.0,262144.0,37132.21499608895,-825814057984.0,-471065441116.16,-205304513331.2,-33805347686.4,-49676083.19999999,-1024.0,0.0,0.0,0.0,0.0,0.0,0.0,0.0,0.0,1310720.0,4587520.0,10092544.0,24903680.0,223477760.0,41398930227.2,205313907097.59995,460500291338.24005,900915990528.0,-624265.0070111393,1.0,1.0,3.0,5.0,8.0,11.0,16.0,22.0,26.0,32.0,32.0,32.0,32.0,40.0,54.0,64.0,76.0,97.0,132.0,204.0,426.7999999999956,1818.140000000003,20063.0,122.79880199294632,0.0,5.0,7.0,21.0,499.0,953.0,1486.0,1797.0,2216.0,2547.0,2976.0,3906.0,5926.0,13037.0,27919.0,30967.0,31135.25,31208.0,31287.0,31521.0,46610.0,93962.0,64112774.0,20764.206489568583,1,42,8,w20
17452737,15141902,2310835,0.1324053069727688,35286163,30820421,4465742,0.1265578804927019,16384,8192,8192,0.5,487849,355312,132537,0.2716762768807561,739137024,46592,739090432,78450688,904281538560,28600430592,27499958272,6211883008,0.2171954365518386,3.2446020124124855e-08,3.2446020124124855e-08,3.2446020124124855e-08,3.2446020124124855e-08,1.297840804964994e-07,1.297840804964994e-07,1.6223010062062425e-07,1.6223010062062425e-07,1.6223010062062425e-07,1.6223010062062425e-07,1.6223010062062425e-07,1.6223010062062425e-07,1.6223010062062425e-07,1.6223010062062425e-07,1.6223010062062425e-07,1.6223010062062425e-07,1.6223010062062425e-07,1.6223010062062425e-07,1.6223010062062425e-07,1.6223010062062425e-07,1.9467612074474906e-07,1.9467612074474906e-07,2.9558324333077736e-05,1.489456805529219e-07,2.2392695323643866e-07,2.2392695323643866e-07,2.2392695323643866e-07,2.2392695323643866e-07,4.478539064728773e-07,4.478539064728773e-07,4.478539064728773e-07,4.478539064728773e-07,4.478539064728773e-07,4.478539064728773e-07,4.478539064728773e-07,4.478539064728773e-07,4.478539064728773e-07,4.478539064728773e-07,4.478539064728773e-07,4.478539064728773e-07,4.478539064728773e-07,6.71780859709316e-07,6.71780859709316e-07,8.957078129457546e-07,1.1196347661821931e-06,2.4631964856008253e-06,0.0241697796245282,6.593813815754333e-07,512.0,4096.0,4096.0,8192.0,8192.0,8192.0,8192.0,8192.0,8192.0,8192.0,8192.0,8192.0,8192.0,8192.0,8192.0,8192.0,8192.0,8192.0,8192.0,8192.0,8192.0,16384.0,49152.0,8337.155915023093,512.0,512.0,512.0,4096.0,5120.0,8192.0,8192.0,8192.0,8192.0,8192.0,8192.0,8192.0,8192.0,8192.0,8192.0,8192.0,8192.0,8192.0,8192.0,8192.0,8192.0,16384.0,40960.0,7595.777630163989,-894347468800.0,-417664553779.2,-102387802112.0,-8052736.0,0.0,16384.0,24576.0,32768.0,40960.0,57344.0,73728.0,90112.0,106496.0,122880.0,155648.0,180224.0,221184.0,278528.0,385024.0,1941504.0,102493744128.0,415442123161.5981,903997669376.0,-17685.489627758077,1.0,1.0,1.0,2.0,2.0,2.0,2.0,3.0,4.0,4.0,6.0,6.0,8.0,8.0,10.0,12.0,14.0,16.0,20.0,28.0,54.0,651.7700000000186,28257.0,30.5851298409954,0.0,0.0,0.0,0.0,0.0,0.0,0.0,0.0,0.0,7.0,170.0,1202.0,1942.0,2517.0,3408.0,7457.0,29383.0,31079.0,31196.0,31306.0,32276.0,62781.0,62682856.0,13032.979621819752,5,42,4,w20
33476924,29352100,4124824,0.1232139488084389,35166803,30845610,4321193,0.1228770496993997,8192,4096,4096,0.5,146549,33911,112638,0.7686029928556319,736743936,225792,736518144,78577664,904281350144,28602466304,27501543424,6206033920,0.2169754822552521,3.2419524204578874e-08,3.2419524204578874e-08,3.2419524204578874e-08,3.2419524204578874e-08,1.296780968183155e-07,1.296780968183155e-07,1.620976210228944e-07,1.620976210228944e-07,1.620976210228944e-07,1.620976210228944e-07,1.620976210228944e-07,1.620976210228944e-07,1.620976210228944e-07,1.620976210228944e-07,1.620976210228944e-07,1.620976210228944e-07,1.620976210228944e-07,1.620976210228944e-07,1.620976210228944e-07,1.620976210228944e-07,1.945171452274732e-07,1.945171452274732e-07,9.434081543532451e-06,1.4893709552408274e-07,2.314175738042713e-07,2.314175738042713e-07,2.314175738042713e-07,2.314175738042713e-07,4.628351476085425e-07,4.628351476085425e-07,4.628351476085425e-07,4.628351476085425e-07,4.628351476085425e-07,4.628351476085425e-07,4.628351476085425e-07,4.628351476085425e-07,4.628351476085425e-07,4.628351476085425e-07,4.628351476085425e-07,4.628351476085425e-07,4.628351476085425e-07,6.942527214128136e-07,6.942527214128136e-07,9.256702952170848e-07,1.157087869021356e-06,2.545593311846983e-06,0.0149102342802091,6.600028380122032e-07,512.0,4096.0,4096.0,4096.0,4096.0,4096.0,4096.0,4096.0,4096.0,4096.0,4096.0,4096.0,4096.0,4096.0,4096.0,4096.0,4096.0,4096.0,4096.0,4096.0,4096.0,8192.0,24576.0,4304.407274709476,512.0,512.0,2560.0,4096.0,4096.0,4096.0,4096.0,4096.0,4096.0,4096.0,4096.0,4096.0,4096.0,4096.0,4096.0,4096.0,4096.0,4096.0,4096.0,4096.0,4096.0,8192.0,20480.0,4112.439314744096,-900970582016.0,-350175267061.76,-5655474176.0,4096.0,8192.0,12288.0,16384.0,20480.0,28672.0,32768.0,40960.0,49152.0,57344.0,69632.0,81920.0,94208.0,110592.0,135168.0,172032.0,241664.0,11014705152.0,346566148096.0,903997562880.0,-9205.546424681865,1.0,1.0,1.0,1.0,1.0,1.0,2.0,2.0,3.0,3.0,4.0,5.0,6.0,7.0,8.0,10.0,11.0,13.0,16.0,20.0,39.0,478.0,22609.0,24.03386386504109,0.0,0.0,0.0,0.0,0.0,0.0,0.0,0.0,0.0,0.0,0.0,0.0,0.0,11.0,1020.0,2091.0,2801.0,5474.0,30588.0,31182.0,31425.0,62138.0,63014384.0,8661.108111130763,5,42,3,w20
126535876,111192220,15343656,0.1212593335980066,133280580,117158155,16122425,0.1209660477167791,4096,2048,2048,0.5,329150,133584,195566,0.5941546407413033,259309822976,227308533248,32001289728,78540800,904281554944,108649426944,104468963328,23585071104,0.2170749700884865,8.535470706243198e-09,8.535470706243198e-09,8.535470706243198e-09,8.535470706243198e-09,3.414188282497279e-08,3.414188282497279e-08,4.2677353531216e-08,4.2677353531216e-08,4.2677353531216e-08,4.2677353531216e-08,4.2677353531216e-08,4.2677353531216e-08,4.2677353531216e-08,4.2677353531216e-08,4.2677353531216e-08,4.2677353531216e-08,4.2677353531216e-08,4.2677353531216e-08,4.2677353531216e-08,4.2677353531216e-08,5.121282423745918e-08,5.121282423745918e-08,7.775813813387553e-06,3.920781703499623e-08,6.202540870867751e-08,6.202540870867751e-08,6.202540870867751e-08,6.202540870867751e-08,1.2405081741735505e-07,1.2405081741735505e-07,1.2405081741735505e-07,1.2405081741735505e-07,1.2405081741735505e-07,1.2405081741735505e-07,1.2405081741735505e-07,1.2405081741735505e-07,1.2405081741735505e-07,1.2405081741735505e-07,1.2405081741735505e-07,1.2405081741735505e-07,1.2405081741735505e-07,1.860762261260325e-07,1.860762261260325e-07,2.4810163483471005e-07,3.101270435433875e-07,6.20254087086775e-07,0.0066947745143798,1.7366918174375664e-07,512.0,2048.0,2048.0,2048.0,2048.0,2048.0,2048.0,2048.0,2048.0,2048.0,2048.0,2048.0,2048.0,2048.0,2048.0,2048.0,2048.0,2048.0,2048.0,2048.0,4096.0,4096.0,16384.0,2271.483289316465,512.0,512.0,2048.0,2048.0,2048.0,2048.0,2048.0,2048.0,2048.0,2048.0,2048.0,2048.0,2048.0,2048.0,2048.0,2048.0,2048.0,2048.0,2048.0,2048.0,4096.0,4096.0,16384.0,2218.2563967805327,-900940939264.0,-175952044359.68,2048.0,2048.0,4096.0,4096.0,6144.0,8192.0,8192.0,10240.0,12288.0,14336.0,16384.0,18432.0,20480.0,24576.0,28672.0,32768.0,38912.0,49152.0,73728.0,171928479375.36008,903997501440.0,-3567.9543057018413,1.0,1.0,1.0,1.0,1.0,2.0,2.0,3.0,3.0,4.0,6.0,8.0,11.0,14.0,18.0,21.0,28.0,39.0,47.0,56.0,96.0,1083.0,56224.0,59.57847920641304,0.0,0.0,0.0,0.0,0.0,0.0,0.0,0.0,0.0,0.0,0.0,0.0,0.0,0.0,0.0,0.0,0.0,0.0,15.0,2375.0,17653.0,32839.0,65332837.0,3063.76692612273,10,42,2,w20
17786743,15375109,2411634,0.1355860373087979,70136497,61699072,8437425,0.1203000628902239,28160,16384,11776,0.4181818181818181,1332612,1051221,281391,0.2111574862000342,1471794688,0,1471794688,78622720,904281473024,57210757120,55008534528,12415057920,0.2170056567152104,1.62076992016995e-08,1.62076992016995e-08,1.62076992016995e-08,1.62076992016995e-08,6.4830796806798e-08,6.4830796806798e-08,8.10384960084975e-08,8.10384960084975e-08,8.10384960084975e-08,8.10384960084975e-08,8.10384960084975e-08,8.10384960084975e-08,8.10384960084975e-08,8.10384960084975e-08,8.10384960084975e-08,8.10384960084975e-08,8.10384960084975e-08,8.10384960084975e-08,8.10384960084975e-08,8.10384960084975e-08,9.7246195210197e-08,9.7246195210197e-08,2.5121933762634226e-06,7.44611728915457e-08,1.1851957202582541e-07,1.1851957202582541e-07,1.1851957202582541e-07,1.1851957202582541e-07,2.3703914405165085e-07,2.3703914405165085e-07,2.3703914405165085e-07,2.3703914405165085e-07,2.3703914405165085e-07,2.3703914405165085e-07,2.3703914405165085e-07,2.3703914405165085e-07,2.3703914405165085e-07,2.3703914405165085e-07,2.3703914405165085e-07,2.3703914405165085e-07,2.3703914405165085e-07,3.555587160774763e-07,3.555587160774763e-07,4.740782881033017e-07,5.925978601291271e-07,1.3037152922840795e-06,0.0009688975013111,3.299219404688853e-07,4096.0,4096.0,4096.0,8192.0,12288.0,16384.0,16384.0,16384.0,16384.0,16384.0,16384.0,16384.0,16384.0,16384.0,16384.0,16384.0,16384.0,16384.0,16384.0,16384.0,32768.0,32768.0,114688.0,16436.91754718617,512.0,512.0,512.0,512.0,3584.0,4096.0,8192.0,12288.0,16384.0,16384.0,16384.0,16384.0,16384.0,16384.0,16384.0,16384.0,16384.0,16384.0,16384.0,16384.0,32768.0,32768.0,98304.0,13720.115951259602,-893827186688.0,-412619033687.04,-102100607795.2,-11223040.0,0.0,0.0,16384.0,32768.0,32768.0,49152.0,65536.0,81920.0,98304.0,114688.0,147456.0,180224.0,212992.0,278528.0,376832.0,14254080.0,102820245299.1998,409450418053.11993,903972511744.0,-25337.65107336689,1.0,1.0,1.0,2.0,4.0,4.0,4.0,5.0,7.0,8.0,9.0,12.0,12.0,16.0,19.0,22.0,26.0,32.0,37.0,52.0,100.0,1208.109999999986,45166.0,57.27557819743839,0.0,0.0,0.0,0.0,0.0,0.0,0.0,0.0,6.0,14.0,725.0,1571.0,2193.0,2687.0,3834.0,9330.0,29807.0,31088.0,31201.0,31313.0,32507.0,67445.0,136951777.0,13758.60493838613,10,42,5,w20
425843,288386,137457,0.3227879758502546,7284588,6144097,1140491,0.1565621830637504,425984,262144,163840,0.3846153846153846,180655,149204,31451,0.174094268080042,140556288,0,140556288,192606498816,711675445248,5709897728,5487067136,1269387264,0.2223134851917263,1.62757847084771e-07,1.62757847084771e-07,1.62757847084771e-07,1.62757847084771e-07,6.510313883390838e-07,6.510313883390838e-07,8.137892354238548e-07,8.137892354238548e-07,8.137892354238548e-07,8.137892354238548e-07,8.137892354238548e-07,8.137892354238548e-07,8.137892354238548e-07,8.137892354238548e-07,8.137892354238548e-07,8.137892354238548e-07,8.137892354238548e-07,8.137892354238548e-07,8.137892354238548e-07,8.137892354238548e-07,9.765470825086257e-07,9.765470825086257e-07,0.0004140559629836,7.464825741107889e-07,8.768153365524147e-07,8.768153365524147e-07,8.768153365524147e-07,1.7536306731048297e-06,1.7536306731048297e-06,1.7536306731048297e-06,1.7536306731048297e-06,1.7536306731048297e-06,1.7536306731048297e-06,1.7536306731048297e-06,1.7536306731048297e-06,1.7536306731048297e-06,1.7536306731048297e-06,1.7536306731048297e-06,1.7536306731048297e-06,1.7536306731048297e-06,1.7536306731048297e-06,2.630446009657244e-06,3.507261346209659e-06,3.507261346209659e-06,4.384076682762074e-06,9.64496870207656e-06,0.056493212134072,3.2267536599453403e-06,4096.0,4096.0,8192.0,16384.0,24576.0,32768.0,32768.0,40960.0,49152.0,61440.0,65536.0,65536.0,65536.0,65536.0,77824.0,102400.0,126976.0,151552.0,180224.0,208896.0,237568.0,262144.0,262144.0,87265.75253999847,512.0,512.0,512.0,512.0,512.0,512.0,4096.0,14336.0,16384.0,16384.0,16384.0,16384.0,16384.0,16384.0,16384.0,16384.0,16384.0,25600.0,45056.0,94208.0,188416.0,262144.0,524288.0,32962.27073193799,-745756393472.0,-566057467904.0,-295074818457.6,-92537880576.0,-74555392.0,-16384.0,-16384.0,-1024.0,0.0,0.0,0.0,0.0,0.0,0.0,0.0,0.0,1572864.0,18612224.0,415326617.5999975,97816267980.80118,290445501235.19965,559871395594.2382,737158627328.0,69749.03420517468,1.0,1.0,4.0,4.0,4.0,4.0,4.0,4.0,4.0,4.0,7.0,10.0,17.0,29.19999999999891,40.0,53.0,64.0,83.0,127.0,192.0,371.3999999999978,1567.0799999999872,17917.0,99.30921395106716,0.0,5.0,8.0,84.0,570.0,993.0,1470.25,1640.0,1687.0,1887.0,2273.0,2605.0,3092.0,4099.0,6664.0,15410.0,30479.0,31113.0,31216.0,31352.0,36741.94999999995,109204.0,61542167.0,18069.68083467577,1,42,9,w20
892748,562354,330394,0.3700865193761285,8230648,6186816,2043832,0.2483196948770011,45056,32768,12288,0.2727272727272727,280785,139836,140949,0.5019819434798868,151296000,0,151296000,184878297088,719479701504,5738491904,5516808192,1228967936,0.2141621799872805,1.616340295234253e-07,1.616340295234253e-07,1.616340295234253e-07,1.616340295234253e-07,6.465361180937012e-07,6.465361180937012e-07,8.081701476171265e-07,8.081701476171265e-07,8.081701476171265e-07,8.081701476171265e-07,8.081701476171265e-07,8.081701476171265e-07,8.081701476171265e-07,8.081701476171265e-07,8.081701476171265e-07,8.081701476171265e-07,8.081701476171265e-07,8.081701476171265e-07,8.081701476171265e-07,8.081701476171265e-07,9.698041771405518e-07,9.698041771405518e-07,1.0021309830452368e-05,7.424582942614657e-07,4.892770051550225e-07,4.892770051550225e-07,4.892770051550225e-07,9.78554010310045e-07,9.78554010310045e-07,9.78554010310045e-07,9.78554010310045e-07,9.78554010310045e-07,9.78554010310045e-07,9.78554010310045e-07,9.78554010310045e-07,9.78554010310045e-07,9.78554010310045e-07,9.78554010310045e-07,9.78554010310045e-07,9.78554010310045e-07,9.78554010310045e-07,1.4678310154650676e-06,1.95710802062009e-06,1.95710802062009e-06,2.4463850257751124e-06,5.382047056705248e-06,0.0528106028284125,3.3328778400285293e-06,4096.0,4096.0,8192.0,12288.0,16384.0,20480.0,24576.0,28672.0,32768.0,40960.0,45056.0,49152.0,57344.0,61440.0,65536.0,65536.0,65536.0,65536.0,65536.0,65536.0,65536.0,65536.0,196608.0,45062.71554216739,512.0,512.0,512.0,512.0,12288.0,12288.0,12288.0,12288.0,12288.0,12288.0,12288.0,20480.0,32768.0,32768.0,32768.0,32768.0,32768.0,32768.0,32768.0,65536.0,65536.0,65536.0,196608.0,24880.11244756261,-878509584384.0,-547714153840.64,-284364741017.6,-100299471257.6,-427622400.0,-1572864.0,-45056.0,0.0,0.0,0.0,0.0,0.0,0.0,196608.0,1245184.0,2949120.0,6029312.0,15138816.0,574226432.0,102192638361.60033,282140102656.0,547730161745.92017,895149670400.0,230811.9309770853,1.0,1.0,6.0,11.0,11.0,11.0,11.0,11.0,14.0,16.0,17.0,22.0,22.0,25.0,32.0,38.0,48.0,64.0,88.0,137.59999999999854,272.0,1042.0,37145.0,75.96469138568388,0.0,5.0,8.0,121.0,643.0,989.0,1418.0,1534.0,1676.0,2107.0,2498.0,2969.0,3865.0,5927.599999999977,14475.0,29888.0,31063.0,31177.0,31258.0,31450.0,46608.0,302654.34000000264,63014384.0,23383.68638259216,1,42,7,w20
2829977,2156936,673041,0.2378256077699571,69705685,61425000,8280685,0.1187949734659375,37888,32768,5120,0.1351351351351351,1816638,1487834,328804,0.1809958836047688,1465588736,0,1465588736,184858820608,719480168448,56993910784,54751625216,12394323968,0.2174675118360096,1.628001628001628e-08,1.628001628001628e-08,1.628001628001628e-08,1.628001628001628e-08,6.512006512006512e-08,6.512006512006512e-08,8.14000814000814e-08,8.14000814000814e-08,8.14000814000814e-08,8.14000814000814e-08,8.14000814000814e-08,8.14000814000814e-08,8.14000814000814e-08,8.14000814000814e-08,8.14000814000814e-08,8.14000814000814e-08,8.14000814000814e-08,8.14000814000814e-08,8.14000814000814e-08,8.14000814000814e-08,9.768009768009769e-08,9.768009768009769e-08,1.7256817256817255e-06,7.481056468809783e-08,1.207629562047101e-07,1.207629562047101e-07,1.207629562047101e-07,2.415259124094202e-07,2.415259124094202e-07,2.415259124094202e-07,2.415259124094202e-07,2.415259124094202e-07,2.415259124094202e-07,2.415259124094202e-07,2.415259124094202e-07,2.415259124094202e-07,2.415259124094202e-07,2.415259124094202e-07,2.415259124094202e-07,2.415259124094202e-07,2.415259124094202e-07,3.622888686141304e-07,3.622888686141304e-07,4.830518248188404e-07,6.038147810235506e-07,1.3283925182518113e-06,0.0007248192631406,3.304738532392055e-07,4096.0,4096.0,16384.0,32768.0,32768.0,36864.0,57344.0,65536.0,65536.0,65536.0,65536.0,65536.0,65536.0,65536.0,110592.0,163840.0,237568.0,262144.0,262144.0,262144.0,262144.0,262144.0,565248.0,116645.46375043115,512.0,512.0,512.0,512.0,512.0,512.0,512.0,512.0,512.0,512.0,512.0,4096.0,4096.0,4096.0,11264.0,17920.0,32768.0,49152.0,66560.0,163840.0,360448.0,393216.0,1052672.0,48217.11756638897,-872341491712.0,-477713477632.0,-150344503296.0,-252694528.0,-1024.0,0.0,0.0,0.0,0.0,0.0,0.0,0.0,0.0,0.0,0.0,0.0,0.0,0.0,2097152.0,3546431488.0,152193759232.0,461774585856.0,900849725440.0,-78959.96069507304,1.0,1.0,1.0,2.0,5.0,8.0,8.0,10.0,16.0,18.0,26.0,32.0,45.0,62.0,79.0,96.0,128.0,181.0,256.0,438.0,977.0,4796.0,51654.0,264.9663035495716,1.0,5.0,7.0,15.0,432.0,788.0,1254.0,1580.0,1914.0,2254.0,2534.0,2871.0,3537.0,4654.0,7868.0,15485.0,30201.0,31109.0,31218.0,31374.0,45821.0,187319.5,66545901.0,20647.60692917537,10,42,11,w20
55370390,48858265,6512125,0.1176102425863354,55438155,48917313,6520842,0.1176237196205393,1024,512,512,0.5,1704,1404,300,0.176056338028169,198439519232,175099299840,23340219392,78417920,904281559040,44193050624,42490658816,9590374400,0.2170109160735724,2.044266004553439e-08,2.044266004553439e-08,2.044266004553439e-08,2.044266004553439e-08,8.177064018213756e-08,8.177064018213756e-08,1.0221330022767197e-07,1.0221330022767197e-07,1.0221330022767197e-07,1.0221330022767197e-07,1.0221330022767197e-07,1.0221330022767197e-07,1.0221330022767197e-07,1.0221330022767197e-07,1.0221330022767197e-07,1.0221330022767197e-07,1.0221330022767197e-07,1.0221330022767197e-07,1.0221330022767197e-07,1.2265596027320634e-07,1.2265596027320634e-07,2.044266004553439e-07,6.01014205338711e-06,9.639765807673576e-08,1.5335442876855476e-07,1.5335442876855476e-07,1.5335442876855476e-07,3.067088575371095e-07,3.067088575371095e-07,3.067088575371095e-07,3.067088575371095e-07,3.067088575371095e-07,3.067088575371095e-07,3.067088575371095e-07,3.067088575371095e-07,3.067088575371095e-07,3.067088575371095e-07,3.067088575371095e-07,3.067088575371095e-07,3.067088575371095e-07,3.067088575371095e-07,4.600632863056642e-07,6.13417715074219e-07,6.13417715074219e-07,6.13417715074219e-07,1.3801898589169926e-06,0.0098820060354168,4.270949004868885e-07,512.0,512.0,512.0,512.0,512.0,512.0,512.0,512.0,512.0,512.0,512.0,512.0,512.0,512.0,512.0,512.0,512.0,512.0,512.0,512.0,512.0,512.0,2560.0,517.1287643554268,512.0,512.0,512.0,512.0,512.0,512.0,512.0,512.0,512.0,512.0,512.0,512.0,512.0,512.0,512.0,512.0,512.0,512.0,512.0,512.0,512.0,1024.0,1536.0,517.3655972512813,-901017352704.0,-277553833062.4,-2161664.0,2560.0,5120.0,8192.0,11264.0,14848.0,18432.0,22528.0,27136.0,31744.0,37376.0,43520.0,50688.0,59392.0,70144.0,83456.0,102400.0,135168.0,303104.0,274999842303.9999,903997647360.0,-3494.6838040816365,1.0,1.0,1.0,1.0,1.0,2.0,3.0,4.0,5.0,6.0,7.0,9.0,11.0,13.0,16.0,19.0,23.0,28.0,37.0,52.0,81.0,169.0,3736.0,21.551409713771083,0.0,0.0,0.0,0.0,0.0,0.0,0.0,0.0,0.0,0.0,0.0,0.0,0.0,0.0,0.0,5.0,739.0,2201.0,3513.0,29209.0,31246.0,46897.0,64098646.0,5626.103879548326,1,42,0,w20
1549228,1192157,357071,0.2304831825915875,34859900,30728664,4131236,0.118509691651439,249856,118784,131072,0.5245901639344263,926961,747696,179265,0.1933900131720752,728509440,2560,728506880,28506394624,875732426752,28484272128,27385126912,6206328832,0.2178861655341084,3.2542905217096326e-08,3.2542905217096326e-08,3.2542905217096326e-08,3.2542905217096326e-08,1.301716208683853e-07,1.301716208683853e-07,1.6271452608548162e-07,1.6271452608548162e-07,1.6271452608548162e-07,1.6271452608548162e-07,1.6271452608548162e-07,1.6271452608548162e-07,1.6271452608548162e-07,1.6271452608548162e-07,1.6271452608548162e-07,1.6271452608548162e-07,1.6271452608548162e-07,1.6271452608548162e-07,1.6271452608548162e-07,1.6271452608548162e-07,1.9525743130257802e-07,1.9525743130257802e-07,2.375632080848032e-06,1.4957023982989612e-07,2.420583089419244e-07,2.420583089419244e-07,2.420583089419244e-07,4.841166178838488e-07,4.841166178838488e-07,4.841166178838488e-07,4.841166178838488e-07,4.841166178838488e-07,4.841166178838488e-07,4.841166178838488e-07,4.841166178838488e-07,4.841166178838488e-07,4.841166178838488e-07,4.841166178838488e-07,4.841166178838488e-07,4.841166178838488e-07,4.841166178838488e-07,7.261749268257732e-07,7.261749268257732e-07,9.682332357676976e-07,1.210291544709622e-06,2.662641398361168e-06,0.0006554939006147,6.599714760328061e-07,1536.0,4096.0,12288.0,24576.0,32768.0,32768.0,45056.0,57344.0,65536.0,65536.0,65536.0,65536.0,65536.0,65536.0,94208.0,131072.0,167936.0,208896.0,258048.0,262144.0,262144.0,262144.0,262144.0,105577.20600894008,512.0,512.0,512.0,512.0,512.0,512.0,512.0,512.0,512.0,512.0,512.0,4096.0,4096.0,4096.0,12288.0,20480.0,32768.0,57344.0,81920.0,163840.0,290816.0,393216.0,1052672.0,45349.62451725287,-872543432704.0,-478289803345.92,-158970955776.0,-647644774.3999997,-8192.0,0.0,0.0,0.0,0.0,0.0,0.0,0.0,0.0,0.0,0.0,0.0,0.0,196608.0,9154560.0,4352559513.600022,159597848678.39993,464295506083.84,900810702848.0,-98433.11052027882,1.0,1.0,1.0,4.0,7.0,8.0,9.0,15.0,17.0,24.0,32.0,40.0,53.0,68.0,88.0,110.0,128.0,175.0,256.0,395.09999999999854,863.0,3658.060000000012,139992.0,228.2018776371308,0.0,5.0,7.0,19.0,471.0,846.0,1338.0,1611.0,1985.0,2314.0,2599.0,2997.0,3808.0,5230.0,9931.0,18950.0,30864.0,31141.0,31234.0,31404.0,46271.0,171681.95999999996,61417397.0,20991.46186194793,5,42,10,w20
6937828,6109579,828249,0.1193815989672848,7005233,6169499,835734,0.1193013851216654,8192,4096,4096,0.5,24638,1409,23229,0.9428119165516682,146056704,46592,146010112,96436224,904263409664,5720190976,5500375040,1242181632,0.2171573706562904,1.6208771571241036e-07,1.6208771571241036e-07,1.6208771571241036e-07,1.6208771571241036e-07,6.483508628496414e-07,6.483508628496414e-07,8.104385785620518e-07,8.104385785620518e-07,8.104385785620518e-07,8.104385785620518e-07,8.104385785620518e-07,8.104385785620518e-07,8.104385785620518e-07,8.104385785620518e-07,8.104385785620518e-07,8.104385785620518e-07,8.104385785620518e-07,8.104385785620518e-07,8.104385785620518e-07,8.104385785620518e-07,9.72526294274462e-07,9.72526294274462e-07,1.831591187550237e-05,7.446764939141308e-07,1.196552970203438e-06,1.196552970203438e-06,1.196552970203438e-06,2.393105940406876e-06,2.393105940406876e-06,2.393105940406876e-06,2.393105940406876e-06,2.393105940406876e-06,2.393105940406876e-06,2.393105940406876e-06,2.393105940406876e-06,2.393105940406876e-06,2.393105940406876e-06,2.393105940406876e-06,2.393105940406876e-06,2.393105940406876e-06,2.393105940406876e-06,3.589658910610314e-06,3.589658910610314e-06,4.786211880813752e-06,5.98276485101719e-06,1.3162082672237817e-05,0.0021131125453792,3.2974243818153656e-06,512.0,4096.0,4096.0,4096.0,4096.0,4096.0,4096.0,4096.0,4096.0,4096.0,4096.0,4096.0,4096.0,4096.0,4096.0,4096.0,4096.0,4096.0,4096.0,4096.0,4096.0,4096.0,16384.0,4136.164097722609,512.0,512.0,2560.0,4096.0,4096.0,4096.0,4096.0,4096.0,4096.0,4096.0,4096.0,4096.0,4096.0,4096.0,4096.0,4096.0,4096.0,4096.0,4096.0,4096.0,4096.0,4096.0,12288.0,3956.728413798266,-874635112448.0,-417097696542.72,-140074596761.59998,-773757337.5999928,-1884160.0,16384.0,36864.0,65536.0,94208.0,126976.0,159744.0,204800.0,249856.0,307200.0,380928.0,471040.0,593920.0,786432.0,1236992.0,682999808.0000381,140828769075.19916,414677876817.9203,900353617920.0,-27878.290546016786,1.0,1.0,1.0,1.0,1.0,1.0,1.0,1.0,2.0,2.0,2.0,2.0,3.0,3.0,4.0,4.0,5.0,6.0,8.0,12.0,27.0,266.0,9350.0,11.921850716865492,0.0,0.0,0.0,0.0,0.0,0.0,9.0,226.0,1091.0,1798.0,2379.0,2952.0,4594.0,14656.0,30302.0,31040.0,31150.0,31214.0,31288.0,31488.0,45317.0,77886.0,62682856.0,17378.09144577978,1,42,3,w20
3596146,3149724,446422,0.1241390088166609,7005614,6168585,837029,0.1194797486701379,16384,8192,8192,0.5,100845,72365,28480,0.2824136050374337,147125760,0,147125760,28677525504,875682357248,5725122560,5505474560,1241788416,0.2169016301373293,1.6211173226923193e-07,1.6211173226923193e-07,1.6211173226923193e-07,1.6211173226923193e-07,6.484469290769277e-07,6.484469290769277e-07,8.105586613461596e-07,8.105586613461596e-07,8.105586613461596e-07,8.105586613461596e-07,8.105586613461596e-07,8.105586613461596e-07,8.105586613461596e-07,8.105586613461596e-07,8.105586613461596e-07,8.105586613461596e-07,8.105586613461596e-07,8.105586613461596e-07,8.105586613461596e-07,8.105586613461596e-07,9.726703936153915e-07,9.726703936153915e-07,1.7183843620538584e-05,7.439867272767855e-07,1.194701736737915e-06,1.194701736737915e-06,1.194701736737915e-06,1.194701736737915e-06,2.3894034734758294e-06,2.3894034734758294e-06,2.3894034734758294e-06,2.3894034734758294e-06,2.3894034734758294e-06,2.3894034734758294e-06,2.3894034734758294e-06,2.3894034734758294e-06,2.3894034734758294e-06,2.3894034734758294e-06,2.3894034734758294e-06,2.3894034734758294e-06,2.3894034734758294e-06,3.5841052102137443e-06,3.5841052102137443e-06,4.778806946951659e-06,5.973508683689574e-06,1.314171910411706e-05,0.0038600813114002,3.298468521065668e-06,4096.0,4096.0,4096.0,8192.0,8192.0,8192.0,8192.0,8192.0,8192.0,8192.0,8192.0,8192.0,8192.0,8192.0,8192.0,8192.0,8192.0,8192.0,8192.0,8192.0,8192.0,8192.0,32768.0,8021.821645325114,512.0,512.0,512.0,4096.0,6144.0,8192.0,8192.0,8192.0,8192.0,8192.0,8192.0,8192.0,8192.0,8192.0,8192.0,8192.0,8192.0,8192.0,8192.0,8192.0,8192.0,8192.0,24576.0,7350.321050485863,-892371238912.0,-431007010652.16,-168994160640.0,-13393727488.0,-13774848.0,0.0,24576.0,73728.0,131072.0,196608.0,270336.0,352256.0,450560.0,573440.0,729088.0,933888.0,1228800.0,1761280.0,6430720.0,13293887488.000038,169213689856.0,427839646597.1204,891478294528.0,-53784.42409190953,1.0,1.0,2.0,2.0,2.0,2.0,2.0,2.0,2.0,3.0,4.0,4.0,4.0,6.0,6.0,7.0,8.0,10.0,14.0,22.0,50.0,406.0200000000041,5936.0,19.439914794249503,0.0,0.0,0.0,0.0,8.0,82.0,780.0,1542.0,2078.0,2540.0,3234.0,5135.0,15290.0,30072.0,30998.0,31127.0,31189.0,31245.0,31329.0,31608.0,46649.0,78055.0,61620070.0,19722.649244955363,1,42,4,w20
266344449,234448611,31895838,0.1197540933169589,268141008,235942660,32198348,0.120079909597416,1536,512,1024,0.6666666666666666,39983,33235,6748,0.1687717279843933,954764708352,840094780416,114669927936,78532608,904281563136,192498556928,185093435392,41765236736,0.216963895223492,4.238317903171898e-09,4.238317903171898e-09,4.238317903171898e-09,4.238317903171898e-09,1.695327161268759e-08,2.1191589515859493e-08,2.1191589515859493e-08,2.1191589515859493e-08,2.1191589515859493e-08,2.1191589515859493e-08,2.1191589515859493e-08,2.1191589515859493e-08,2.1191589515859493e-08,2.1191589515859493e-08,2.1191589515859493e-08,2.1191589515859493e-08,2.1191589515859493e-08,2.1191589515859493e-08,2.5429907419031388e-08,4.2383179031718986e-08,4.2383179031718986e-08,5.9336450644406567e-08,3.861107609789599e-06,2.212936396866421e-08,3.105749400559308e-08,3.105749400559308e-08,3.105749400559308e-08,6.211498801118616e-08,6.211498801118616e-08,6.211498801118616e-08,6.211498801118616e-08,6.211498801118616e-08,6.211498801118616e-08,6.211498801118616e-08,6.211498801118616e-08,6.211498801118616e-08,6.211498801118616e-08,6.211498801118616e-08,6.211498801118616e-08,6.211498801118616e-08,9.317248201677924e-08,1.2422997602237232e-07,1.2422997602237232e-07,1.2422997602237232e-07,1.8634496403355849e-07,3.416324340615239e-07,0.0040026277124528,9.807199288468097e-08,512.0,512.0,512.0,512.0,512.0,512.0,512.0,512.0,512.0,512.0,512.0,512.0,512.0,512.0,512.0,512.0,512.0,512.0,512.0,512.0,512.0,1024.0,3072.0,538.8232176133473,512.0,512.0,512.0,512.0,512.0,512.0,512.0,512.0,512.0,512.0,512.0,512.0,512.0,512.0,512.0,512.0,512.0,512.0,512.0,512.0,1024.0,1024.0,3072.0,539.7100860620122,-901121464320.0,-16535750144.0,512.0,1024.0,1536.0,2048.0,3072.0,3584.0,4096.0,5120.0,6144.0,7168.0,8192.0,9216.0,10752.0,12288.0,13824.0,16384.0,19456.0,24064.0,32768.0,21827548636.16005,903997443072.0,-1157.9278360027988,1.0,1.0,1.0,1.0,2.0,2.0,3.0,3.0,4.0,4.0,5.0,5.0,6.0,7.0,8.0,9.0,11.0,13.0,16.0,20.0,30.0,99.0,18677.0,11.672705099962217,0.0,0.0,0.0,0.0,0.0,0.0,0.0,0.0,0.0,0.0,0.0,0.0,0.0,0.0,0.0,0.0,0.0,0.0,0.0,0.0,2335.0,31286.0,136951777.0,1515.676689881668,5,42,0,w20
3514386,2732303,782083,0.2225375926264218,36324952,30815331,5509621,0.1516759333914605,77824,65536,12288,0.1578947368421052,946309,677738,268571,0.2838089883959679,747382272,0,747382272,76804096,904281522176,28597121024,27504656384,6193942528,0.2165932200937906,3.2451379477312776e-08,3.2451379477312776e-08,3.2451379477312776e-08,3.2451379477312776e-08,1.298055179092511e-07,1.298055179092511e-07,1.6225689738656389e-07,1.6225689738656389e-07,1.6225689738656389e-07,1.6225689738656389e-07,1.6225689738656389e-07,1.6225689738656389e-07,1.6225689738656389e-07,1.6225689738656389e-07,1.6225689738656389e-07,1.6225689738656389e-07,1.6225689738656389e-07,1.6225689738656389e-07,1.6225689738656389e-07,1.6225689738656389e-07,1.947082768638767e-07,1.947082768638767e-07,3.4398462245951538e-06,1.489202389157166e-07,1.8150068761535504e-07,1.8150068761535504e-07,1.8150068761535504e-07,3.630013752307101e-07,3.630013752307101e-07,3.630013752307101e-07,3.630013752307101e-07,3.630013752307101e-07,3.630013752307101e-07,3.630013752307101e-07,3.630013752307101e-07,3.630013752307101e-07,3.630013752307101e-07,3.630013752307101e-07,3.630013752307101e-07,3.630013752307101e-07,3.630013752307101e-07,5.445020628460651e-07,5.445020628460651e-07,7.260027504614201e-07,9.075034380767752e-07,1.996507563768905e-06,0.0195904582184509,6.612912505215936e-07,4096.0,4096.0,8192.0,12288.0,16384.0,20480.0,24576.0,32768.0,32768.0,40960.0,45056.0,53248.0,57344.0,65536.0,65536.0,65536.0,65536.0,65536.0,65536.0,65536.0,65536.0,131072.0,262144.0,46195.31427370976,512.0,512.0,512.0,512.0,512.0,512.0,4096.0,8192.0,12288.0,12288.0,12288.0,17920.0,30720.0,32768.0,32768.0,32768.0,49152.0,65536.0,65536.0,65536.0,65536.0,118784.0,262144.0,27899.88446750537,-874767323136.0,-495019040440.32,-223257326387.2,-60763977318.39998,-43384832.0,-45056.0,0.0,0.0,0.0,0.0,0.0,65536.0,196608.0,393216.0,589824.0,917504.0,1441792.0,2490368.0,64098304.0,64281522995.20001,220163680767.9995,493240812994.5606,890238795776.0,26059.242679444626,1.0,1.0,2.0,5.0,8.0,10.0,11.0,11.0,14.0,16.0,16.0,17.0,22.0,27.0,32.0,36.0,47.0,59.0,80.0,125.0,272.0,1781.5,67029.0,92.52228932988208,0.0,0.0,6.0,11.0,252.0,784.0,1333.0,1596.0,2030.0,2422.0,2826.0,3674.0,5519.0,13383.0,29019.0,30994.0,31141.0,31211.0,31290.0,31528.0,46646.0,109524.0,64639112.0,21486.59126589716,5,42,7,w20
1855876,1411958,443918,0.2391959376596281,35275078,30741743,4533335,0.1285138193032486,143360,12288,131072,0.9142857142857144,899124,733433,165691,0.1842804774424884,729621504,0,729621504,166177308672,738150002688,28576632832,27472785408,6279180288,0.2197312862195786,3.25290599169995e-08,3.25290599169995e-08,3.25290599169995e-08,3.25290599169995e-08,1.30116239667998e-07,1.30116239667998e-07,1.6264529958499757e-07,1.6264529958499757e-07,1.6264529958499757e-07,1.6264529958499757e-07,1.6264529958499757e-07,1.6264529958499757e-07,1.6264529958499757e-07,1.6264529958499757e-07,1.6264529958499757e-07,1.6264529958499757e-07,1.6264529958499757e-07,1.6264529958499757e-07,1.6264529958499757e-07,1.6264529958499757e-07,1.9517435950199704e-07,1.9517435950199704e-07,8.275392842884673e-05,1.4909300018800613e-07,2.2058815419553162e-07,2.2058815419553162e-07,2.2058815419553162e-07,2.2058815419553162e-07,4.411763083910631e-07,4.411763083910631e-07,4.411763083910631e-07,4.411763083910631e-07,4.411763083910631e-07,4.411763083910631e-07,4.411763083910631e-07,4.411763083910631e-07,4.411763083910631e-07,4.411763083910631e-07,4.411763083910631e-07,4.411763083910631e-07,4.411763083910631e-07,6.617644625865947e-07,6.617644625865947e-07,8.823526167821262e-07,1.1029407709776576e-06,2.426469696150847e-06,0.014212494774818,6.523144442639712e-07,4096.0,4096.0,8192.0,16384.0,28672.0,32768.0,32768.0,40960.0,53248.0,65536.0,65536.0,65536.0,65536.0,65536.0,81920.0,102400.0,131072.0,155648.0,184320.0,212992.0,241664.0,262144.0,262144.0,89179.833485132,512.0,512.0,512.0,512.0,512.0,512.0,512.0,512.0,512.0,4096.0,4096.0,12288.0,16384.0,16384.0,16384.0,24064.0,32768.0,59392.0,86016.0,147456.0,237568.0,262144.0,786432.0,40185.16630548885,-853556850688.0,-519790142238.72,-218708050329.6,-32673890304.0,-16252928.0,-1024.0,0.0,0.0,0.0,0.0,0.0,0.0,0.0,0.0,0.0,0.0,1048576.0,3932160.0,37224448.0,45014155264.0,212737209958.39987,513297655234.56,900318101504.0,-128905.67865184884,1.0,1.0,2.0,4.0,4.0,4.0,7.0,8.0,11.0,16.0,21.0,30.0,37.0,49.0,63.0,64.0,82.0,117.0,161.0,256.0,522.0,2720.130000000019,75432.0,158.4739602424926,0.0,5.0,7.0,20.0,484.0,893.0,1413.0,1649.0,1946.8999999999069,2305.0,2611.0,3066.0,3991.0,5988.0,12977.0,27743.0,31021.0,31166.0,31249.0,31429.0,46371.0,124812.0,62682856.0,20068.672399272586,5,42,9,w20
315815,240543,75272,0.2383420673495559,6969242,6097625,871617,0.1250662554119946,65536,32768,32768,0.5,186486,150350,36136,0.1937732591186469,133039104,0,133039104,25137152,875732426752,5634535424,5416468480,1217929216,0.2161543276154225,1.639982780180808e-07,1.639982780180808e-07,1.639982780180808e-07,1.639982780180808e-07,6.559931120723232e-07,6.559931120723232e-07,8.19991390090404e-07,8.19991390090404e-07,8.19991390090404e-07,8.19991390090404e-07,8.19991390090404e-07,8.19991390090404e-07,8.19991390090404e-07,8.19991390090404e-07,8.19991390090404e-07,8.19991390090404e-07,8.19991390090404e-07,8.19991390090404e-07,8.19991390090404e-07,8.19991390090404e-07,9.839896681084848e-07,9.839896681084848e-07,1.0167893237121013e-05,7.562122839123394e-07,1.147292905025946e-06,1.147292905025946e-06,1.147292905025946e-06,2.294585810051892e-06,2.294585810051892e-06,2.294585810051892e-06,2.294585810051892e-06,2.294585810051892e-06,2.294585810051892e-06,2.294585810051892e-06,2.294585810051892e-06,2.294585810051892e-06,2.294585810051892e-06,2.294585810051892e-06,2.294585810051892e-06,2.294585810051892e-06,2.294585810051892e-06,3.441878715077838e-06,3.441878715077838e-06,4.589171620103784e-06,5.73646452512973e-06,1.2620221955285409e-05,0.0011209051682103,3.3630854290960696e-06,4096.0,4096.0,12288.0,24576.0,32768.0,32768.0,40960.0,53248.0,65536.0,65536.0,65536.0,65536.0,65536.0,65536.0,90112.0,126976.0,159744.0,204800.0,249856.0,262144.0,262144.0,262144.0,262144.0,103831.21520892314,512.0,512.0,512.0,512.0,512.0,512.0,512.0,512.0,512.0,512.0,4096.0,4096.0,4096.0,6144.0,13312.0,24576.0,32768.0,65536.0,86016.0,163840.0,278528.0,393216.0,823296.0,45662.45254543522,-872543432704.0,-459254620160.0,-178228700569.6,-5786365132.799998,-12288.0,0.0,0.0,0.0,0.0,0.0,0.0,0.0,0.0,0.0,0.0,0.0,0.0,131072.0,67442483.19999766,12649879961.60005,176368720691.19867,452830701690.8799,872542908416.0,91233.9825340232,1.0,1.0,1.0,5.0,8.0,8.0,10.0,16.0,17.0,24.0,32.0,41.0,56.0,75.0,97.0,128.0,139.0,194.0,261.0,385.0,730.1999999999935,2452.72,64510.0,187.88978333476064,0.0,5.0,7.0,19.0,455.0,838.0,1329.0,1601.0,1955.0,2296.0,2586.0,2977.0,3792.0,5236.799999999988,9884.0,17899.099999999977,30817.75,31138.0,31233.0,31406.0,46464.0,233133.5299999999,5209712.0,22422.22211808216,1,42,10,w20
10217942,8648848,1569094,0.1535626254288779,70184862,61688793,8496069,0.1210527278660176,65536,32768,32768,0.5,1524630,1222479,302151,0.1981798862674878,1483689984,3072,1483686912,78508032,904281292800,57202335744,54996045824,12411965440,0.2169835423425327,1.621039983713087e-08,1.621039983713087e-08,1.621039983713087e-08,1.621039983713087e-08,6.484159934852348e-08,6.484159934852348e-08,8.105199918565436e-08,8.105199918565436e-08,8.105199918565436e-08,8.105199918565436e-08,8.105199918565436e-08,8.105199918565436e-08,8.105199918565436e-08,8.105199918565436e-08,8.105199918565436e-08,8.105199918565436e-08,8.105199918565436e-08,8.105199918565436e-08,8.105199918565436e-08,8.105199918565436e-08,9.726239902278524e-08,9.726239902278524e-08,4.636174353419429e-06,7.447808180806525e-08,1.177014923019105e-07,1.177014923019105e-07,1.177014923019105e-07,1.177014923019105e-07,2.354029846038209e-07,2.354029846038209e-07,2.354029846038209e-07,2.354029846038209e-07,2.354029846038209e-07,2.354029846038209e-07,2.354029846038209e-07,2.354029846038209e-07,2.354029846038209e-07,2.354029846038209e-07,2.354029846038209e-07,2.354029846038209e-07,2.354029846038209e-07,3.5310447690573137e-07,3.5310447690573137e-07,4.708059692076418e-07,5.885074615095523e-07,1.294716415321015e-06,0.00134579886298,3.3000414155197665e-07,1024.0,4096.0,4096.0,8192.0,12288.0,16384.0,20480.0,28672.0,32768.0,32768.0,32768.0,32768.0,32768.0,32768.0,32768.0,32768.0,32768.0,32768.0,32768.0,32768.0,61440.0,65536.0,196608.0,29215.138600655257,512.0,512.0,512.0,512.0,512.0,512.0,4096.0,4096.0,8192.0,12288.0,20480.0,28672.0,32768.0,32768.0,32768.0,32768.0,32768.0,32768.0,32768.0,32768.0,40960.0,65536.0,196608.0,21232.76980983931,-901073653760.0,-448400439705.6,-167409774592.0,-4993417216.0,-1900544.0,0.0,0.0,0.0,32768.0,65536.0,65536.0,98304.0,163840.0,196608.0,262144.0,327680.0,425984.0,557056.0,983040.0,9396088832.0,165832609792.0,442099720191.9992,903972462592.0,-44124.45807310886,1.0,1.0,1.0,2.0,4.0,6.0,8.0,8.0,8.0,9.0,12.0,16.0,16.0,19.0,24.0,27.0,32.0,40.0,51.0,72.0,150.0,1623.0,92751.0,74.56722256046748,0.0,0.0,0.0,0.0,0.0,7.0,21.0,603.0,1330.0,1816.0,2319.0,2742.0,3695.0,6454.0,16140.0,30758.0,31101.0,31188.0,31264.0,31439.0,44117.0,78299.0,66609592.0,18143.408163347194,10,42,6,w20
252682683,222208973,30473710,0.1206007061433648,259435675,228183602,31252073,0.120461740660763,2048,1024,1024,0.5,272613,132351,140262,0.5145095795138163,775783858176,682046811136,93737047040,78528512,904281546752,196674203648,189100310528,42688053248,0.2170495797425546,4.3824358596986306e-09,4.3824358596986306e-09,4.3824358596986306e-09,4.3824358596986306e-09,1.7529743438794522e-08,1.7529743438794522e-08,2.1912179298493152e-08,2.1912179298493152e-08,2.1912179298493152e-08,2.1912179298493152e-08,2.1912179298493152e-08,2.1912179298493152e-08,2.1912179298493152e-08,2.1912179298493152e-08,2.1912179298493152e-08,2.1912179298493152e-08,2.1912179298493152e-08,2.1912179298493152e-08,2.1912179298493152e-08,2.6294615158191785e-08,4.38243585969863e-08,5.2589230316383583e-08,1.1148916827073315e-05,2.1660461522052807e-08,3.1997877388805543e-08,3.1997877388805543e-08,3.1997877388805543e-08,6.399575477761107e-08,6.399575477761107e-08,6.399575477761107e-08,6.399575477761107e-08,6.399575477761107e-08,6.399575477761107e-08,6.399575477761107e-08,6.399575477761107e-08,6.399575477761107e-08,6.399575477761107e-08,6.399575477761107e-08,6.399575477761107e-08,6.399575477761107e-08,9.599363216641661e-08,9.599363216641661e-08,1.2799150955522217e-07,1.2799150955522217e-07,1.5998938694402768e-07,3.1997877388805537e-07,0.0126953498412729,9.595190429987337e-08,512.0,1024.0,1024.0,1024.0,1024.0,1024.0,1024.0,1024.0,1024.0,1024.0,1024.0,1024.0,1024.0,1024.0,1024.0,1024.0,1024.0,1024.0,1024.0,1024.0,2048.0,2048.0,9216.0,1136.7372759334971,512.0,512.0,1024.0,1024.0,1024.0,1024.0,1024.0,1024.0,1024.0,1024.0,1024.0,1024.0,1024.0,1024.0,1024.0,1024.0,1024.0,1024.0,1024.0,1024.0,2048.0,2048.0,8192.0,1124.6232889923806,-900940923904.0,-27542873845.76,1024.0,1024.0,2048.0,2048.0,3072.0,4096.0,4096.0,5120.0,6144.0,7168.0,8192.0,9216.0,10240.0,12288.0,14336.0,16384.0,19456.0,23552.0,32768.0,34679137423.359985,903997444096.0,-1787.741981431082,1.0,1.0,1.0,2.0,2.0,3.0,4.0,5.0,5.0,6.0,8.0,9.0,10.0,12.0,14.0,16.0,19.0,22.0,27.0,34.0,48.0,137.0,17753.0,18.08862238261716,0.0,0.0,0.0,0.0,0.0,0.0,0.0,0.0,0.0,0.0,0.0,0.0,0.0,0.0,0.0,0.0,0.0,0.0,0.0,0.0,2507.0,31308.0,66642092.0,1638.603482810112,10,42,1,w20
4662644,3607461,1055183,0.2263057183863919,70777666,61606490,9171176,0.1295772595835528,212992,131072,81920,0.3846153846153846,1709762,1394106,315656,0.1846198476747056,1490225664,6144,1490219520,76935168,904281325568,57202077696,54990344192,12438671360,0.2174513909460635,1.6232056070715926e-08,1.6232056070715926e-08,1.6232056070715926e-08,1.6232056070715926e-08,6.49282242828637e-08,6.49282242828637e-08,8.116028035357965e-08,8.116028035357965e-08,8.116028035357965e-08,8.116028035357965e-08,8.116028035357965e-08,8.116028035357965e-08,8.116028035357965e-08,8.116028035357965e-08,8.116028035357965e-08,8.116028035357965e-08,8.116028035357965e-08,8.116028035357965e-08,8.116028035357965e-08,8.116028035357965e-08,9.739233642429556e-08,9.739233642429556e-08,2.5159686909609685e-06,7.44858040113135e-08,1.0903727068371605e-07,1.0903727068371605e-07,1.0903727068371605e-07,2.180745413674321e-07,2.180745413674321e-07,2.180745413674321e-07,2.180745413674321e-07,2.180745413674321e-07,2.180745413674321e-07,2.180745413674321e-07,2.180745413674321e-07,2.180745413674321e-07,2.180745413674321e-07,2.180745413674321e-07,2.180745413674321e-07,2.180745413674321e-07,2.180745413674321e-07,3.271118120511481e-07,3.271118120511481e-07,4.361490827348641e-07,5.451863534185801e-07,1.1994099775208763e-06,0.0140515240357398,3.292956202036033e-07,4096.0,4096.0,8192.0,12288.0,20480.0,28672.0,32768.0,32768.0,40960.0,49152.0,57344.0,65536.0,65536.0,65536.0,77824.0,94208.0,110592.0,126976.0,131072.0,131072.0,131072.0,229376.0,262144.0,69949.52319539976,512.0,512.0,512.0,512.0,512.0,512.0,512.0,512.0,4096.0,4096.0,4096.0,4096.0,12288.0,20480.0,32768.0,32768.0,44032.0,65536.0,98304.0,131072.0,131072.0,208896.0,530944.0,34188.304186098525,-872454586368.0,-465730239692.8001,-223983233433.6,-50862398668.8,-30416896.0,-4096.0,0.0,0.0,0.0,0.0,0.0,0.0,0.0,131072.0,262144.0,524288.0,1048576.0,1966080.0,59637760.0,56239631564.7997,222836119961.5994,457194409984.0,891565383680.0,-97216.44619500142,1.0,1.0,1.0,2.0,3.0,6.0,8.0,9.0,11.0,14.0,19.0,25.0,32.0,32.0,35.0,45.0,62.0,72.0,101.0,160.0,351.0,2652.0,73396.0,127.0554237326256,0.0,0.0,6.0,13.0,388.0,825.0,1379.0,1623.0,1979.0,2352.0,2689.0,3282.0,4490.0,8323.0,16852.0,30718.0,31100.0,31190.0,31269.0,31478.0,46558.0,124700.0,66609592.0,21493.357501099697,10,42,8,w20
1937603,1672367,265236,0.1368887228188643,7038035,6172181,865854,0.1230249636439716,32768,16384,16384,0.5,142550,110496,32054,0.2248614521220624,148508672,0,148508672,28632739840,875724013568,5732519936,5509029888,1246060544,0.2173669796025983,1.620172836797884e-07,1.620172836797884e-07,1.620172836797884e-07,1.620172836797884e-07,6.480691347191536e-07,6.480691347191536e-07,8.10086418398942e-07,8.10086418398942e-07,8.10086418398942e-07,8.10086418398942e-07,8.10086418398942e-07,8.10086418398942e-07,8.10086418398942e-07,8.10086418398942e-07,8.10086418398942e-07,8.10086418398942e-07,8.10086418398942e-07,8.10086418398942e-07,8.10086418398942e-07,8.10086418398942e-07,9.721037020787303e-07,9.721037020787303e-07,1.004507158814688e-05,7.435065852378253e-07,1.1549291219997829e-06,1.1549291219997829e-06,1.1549291219997829e-06,1.1549291219997829e-06,2.3098582439995657e-06,2.3098582439995657e-06,2.3098582439995657e-06,2.3098582439995657e-06,2.3098582439995657e-06,2.3098582439995657e-06,2.3098582439995657e-06,2.3098582439995657e-06,2.3098582439995657e-06,2.3098582439995657e-06,2.3098582439995657e-06,2.3098582439995657e-06,2.3098582439995657e-06,3.4647873659993486e-06,3.4647873659993486e-06,4.619716487999132e-06,5.774645609998915e-06,1.2704220341997612e-05,0.0036772943244473,3.2871596967923887e-06,4096.0,4096.0,4096.0,8192.0,12288.0,16384.0,16384.0,16384.0,16384.0,16384.0,16384.0,16384.0,16384.0,16384.0,16384.0,16384.0,16384.0,16384.0,16384.0,16384.0,16384.0,16384.0,49152.0,15117.048695651134,512.0,512.0,512.0,512.0,4096.0,4096.0,8192.0,13824.0,16384.0,16384.0,16384.0,16384.0,16384.0,16384.0,16384.0,16384.0,16384.0,16384.0,16384.0,16384.0,16384.0,16384.0,49152.0,12811.342773982416,-846999666688.0,-459586595061.76,-198335132057.6,-34094512537.599995,-47890432.0,-2506752.0,0.0,0.0,114688.0,229376.0,376832.0,557056.0,770048.0,1032192.0,1359872.0,1835008.0,2588672.0,4259840.0,58261504.0,36133578342.400215,198591060172.8,456637878763.52,891565441024.0,16427.500929499452,1.0,1.0,2.0,4.0,4.0,4.0,4.0,4.0,4.0,4.0,5.0,8.0,8.0,8.0,10.0,12.0,16.0,20.0,26.0,40.0,89.0,580.7599999999948,12437.0,31.61713264211655,0.0,0.0,0.0,8.0,79.0,706.0,1424.0,1898.0,2382.0,2843.0,3983.0,7918.0,18484.0,30668.0,31047.0,31143.0,31199.0,31255.0,31346.0,31674.0,46719.0,80571.95999999996,62405543.0,21386.73366460192,1,42,5,w20
13959677,12218408,1741269,0.1247356224646172,14028330,12277668,1750662,0.1247947546144124,4096,2048,2048,0.5,21271,1409,19862,0.9337595787692164,28647233536,25016561664,3630671872,78540800,904281554944,11383062528,10944802816,2466127872,0.216648890923144,8.144869204803387e-08,8.144869204803387e-08,8.144869204803387e-08,8.144869204803387e-08,3.257947681921355e-07,3.257947681921355e-07,4.072434602401694e-07,4.072434602401694e-07,4.072434602401694e-07,4.072434602401694e-07,4.072434602401694e-07,4.072434602401694e-07,4.072434602401694e-07,4.072434602401694e-07,4.072434602401694e-07,4.072434602401694e-07,4.072434602401694e-07,4.072434602401694e-07,4.072434602401694e-07,4.072434602401694e-07,4.886921522882033e-07,4.886921522882033e-07,7.737625744563218e-06,3.742415527132322e-07,5.712124899038192e-07,5.712124899038192e-07,5.712124899038192e-07,5.712124899038192e-07,1.1424249798076384e-06,1.1424249798076384e-06,1.1424249798076384e-06,1.1424249798076384e-06,1.1424249798076384e-06,1.1424249798076384e-06,1.1424249798076384e-06,1.1424249798076384e-06,1.1424249798076384e-06,1.1424249798076384e-06,1.1424249798076384e-06,1.1424249798076384e-06,1.1424249798076384e-06,1.7136374697114578e-06,1.7136374697114578e-06,2.284849959615277e-06,2.856062449519096e-06,5.712124899038192e-06,0.0616543913102586,1.6609033321042643e-06,2048.0,2048.0,2048.0,2048.0,2048.0,2048.0,2048.0,2048.0,2048.0,2048.0,2048.0,2048.0,2048.0,2048.0,2048.0,2048.0,2048.0,2048.0,2048.0,2048.0,2048.0,2048.0,8192.0,2068.417298227396,512.0,512.0,2048.0,2048.0,2048.0,2048.0,2048.0,2048.0,2048.0,2048.0,2048.0,2048.0,2048.0,2048.0,2048.0,2048.0,2048.0,2048.0,2048.0,2048.0,2048.0,4096.0,8192.0,2033.022858616331,-892666621952.0,-416126760960.0,-109584181248.0,-19062784.0,4096.0,16384.0,28672.0,40960.0,55296.0,71680.0,90112.0,110592.0,133120.0,159744.0,192512.0,233472.0,286720.0,362496.0,501760.0,17631232.0,109957896704.0,414355422720.0,903997743104.0,-13874.260201454532,1.0,1.0,1.0,1.0,1.0,1.0,1.0,2.0,2.0,2.0,3.0,3.0,3.0,4.0,5.0,5.0,6.0,8.0,9.0,13.0,27.0,320.0,12855.0,14.707586353675124,0.0,0.0,0.0,0.0,0.0,0.0,0.0,0.0,0.0,12.0,661.0,1584.0,2267.0,2853.0,4605.0,15725.0,30877.0,31135.0,31221.0,31339.0,32730.0,63364.0,64098646.0,13934.88852785695,1,42,2,w20
1436410,1079492,356918,0.2484791946589065,34752402,30576627,4175775,0.1201578814609706,37888,32768,5120,0.1351351351351351,926842,752567,174275,0.1880309696798375,714253824,0,714253824,184858820608,719480168448,28391899136,27268972544,6143160320,0.2163701797676039,3.270471919613632e-08,3.270471919613632e-08,3.270471919613632e-08,3.270471919613632e-08,1.3081887678454526e-07,1.3081887678454526e-07,1.635235959806816e-07,1.635235959806816e-07,1.635235959806816e-07,1.635235959806816e-07,1.635235959806816e-07,1.635235959806816e-07,1.635235959806816e-07,1.635235959806816e-07,1.635235959806816e-07,1.635235959806816e-07,1.635235959806816e-07,1.635235959806816e-07,1.635235959806816e-07,1.635235959806816e-07,1.962283151768179e-07,1.962283151768179e-07,3.466700234790449e-06,1.502073462207228e-07,2.3947650436146585e-07,2.3947650436146585e-07,2.3947650436146585e-07,2.3947650436146585e-07,4.789530087229317e-07,4.789530087229317e-07,4.789530087229317e-07,4.789530087229317e-07,4.789530087229317e-07,4.789530087229317e-07,4.789530087229317e-07,4.789530087229317e-07,4.789530087229317e-07,4.789530087229317e-07,4.789530087229317e-07,4.789530087229317e-07,4.789530087229317e-07,7.184295130843975e-07,7.184295130843975e-07,9.579060174458634e-07,1.197382521807329e-06,2.6342415479761243e-06,0.0006178493812525,6.667577902313316e-07,4096.0,4096.0,16384.0,32768.0,32768.0,36864.0,57344.0,65536.0,65536.0,65536.0,65536.0,65536.0,65536.0,65536.0,110592.0,159744.0,229376.0,262144.0,262144.0,262144.0,262144.0,262144.0,532480.0,116019.26108947542,512.0,512.0,512.0,512.0,512.0,512.0,512.0,512.0,512.0,512.0,512.0,4096.0,4096.0,4096.0,8192.0,16384.0,32768.0,36864.0,65536.0,151552.0,331776.0,393216.0,1052672.0,45920.12892597179,-872329957376.0,-475700424376.32,-150914452684.79996,-171704320.0,-1024.0,0.0,0.0,0.0,0.0,0.0,0.0,0.0,0.0,0.0,0.0,0.0,0.0,0.0,1048576.0,1238070681.59997,154205555609.59995,459593220096.0,811913326592.0,-56416.71799048878,1.0,1.0,1.0,2.0,4.0,8.0,8.0,10.0,15.0,17.0,25.0,32.0,42.0,59.0,79.0,98.0,137.0,201.0,273.0,477.0,1024.0,3988.300000000003,54698.0,249.6935647443876,1.0,5.0,7.0,16.0,427.0,788.0,1251.0,1572.0,1870.0,2223.0,2509.0,2838.0,3473.0,4553.0,7573.20000000007,15359.0,30005.0,31104.0,31216.0,31369.0,45540.0,202860.87999999896,62830131.0,20943.1077729254,5,42,11,w20
3633887,2787861,846026,0.2328157149630684,70451034,61630749,8820285,0.1251973817729914,37888,32768,5120,0.1351351351351351,1769952,1441875,328077,0.1853592639800401,1478506496,7168,1478499328,28675403776,875683119104,57240838144,55019962368,12544184320,0.2191474605672748,1.6225666833937065e-08,1.6225666833937065e-08,1.6225666833937065e-08,1.6225666833937065e-08,6.490266733574826e-08,6.490266733574826e-08,8.112833416968533e-08,8.112833416968533e-08,8.112833416968533e-08,8.112833416968533e-08,8.112833416968533e-08,8.112833416968533e-08,8.112833416968533e-08,8.112833416968533e-08,8.112833416968533e-08,8.112833416968533e-08,8.112833416968533e-08,8.112833416968533e-08,8.112833416968533e-08,8.112833416968533e-08,9.73540010036224e-08,9.73540010036224e-08,4.12780964255359e-05,7.444570704363547e-08,1.1337502132867589e-07,1.1337502132867589e-07,1.1337502132867589e-07,1.1337502132867589e-07,2.2675004265735179e-07,2.2675004265735179e-07,2.2675004265735179e-07,2.2675004265735179e-07,2.2675004265735179e-07,2.2675004265735179e-07,2.2675004265735179e-07,2.2675004265735179e-07,2.2675004265735179e-07,2.2675004265735179e-07,2.2675004265735179e-07,2.2675004265735179e-07,2.2675004265735179e-07,3.401250639860277e-07,3.401250639860277e-07,4.535000853147036e-07,5.668751066433795e-07,1.2471252346154348e-06,0.0073047526242065,3.26525814314565e-07,512.0,4096.0,8192.0,20480.0,28672.0,32768.0,32768.0,45056.0,53248.0,65536.0,65536.0,65536.0,65536.0,65536.0,81920.0,106496.0,131072.0,159744.0,188416.0,217088.0,249856.0,262144.0,262144.0,90549.54344423916,512.0,512.0,512.0,512.0,512.0,512.0,512.0,512.0,512.0,2048.0,4096.0,4096.0,11776.0,16384.0,16384.0,28672.0,32768.0,65536.0,90112.0,151552.0,245760.0,262144.0,1007616.0,40955.46476349427,-901037281280.0,-523282054144.0,-218975669248.0,-30635069440.0,-12369920.0,-1024.0,0.0,0.0,0.0,0.0,0.0,0.0,0.0,0.0,0.0,0.0,786432.0,2097152.0,26214400.0,42820569088.0,212465422336.0,517242410598.39984,900348510208.0,-62330.9251374424,1.0,1.0,1.0,4.0,4.0,6.0,8.0,9.0,12.0,16.0,21.0,28.0,36.0,48.0,60.0,64.0,78.0,110.0,151.0,244.0,516.0,3319.0,89231.0,169.4606217064181,0.0,5.0,7.0,19.0,473.0,873.0,1394.0,1645.0,1989.0,2336.0,2641.0,3120.0,4085.0,6263.0,13385.0,28014.0,31024.0,31167.0,31251.0,31437.0,46491.0,143973.74999999953,62682856.0,20926.00194447487,10,42,9,w20
506763743,444315537,62448206,0.1232294276427743,513638672,450294492,63344180,0.1233243979729002,1536,512,1024,0.6666666666666666,157472,131575,25897,0.1644546332046332,1815737563136,1591755250688,223982312448,78532608,904281563136,325756313600,313218228224,70697582592,0.2170259781328763,2.220768891838899e-09,2.220768891838899e-09,2.220768891838899e-09,4.441537783677798e-09,8.883075567355597e-09,1.1103844459194497e-08,1.1103844459194497e-08,1.1103844459194497e-08,1.1103844459194497e-08,1.1103844459194497e-08,1.1103844459194497e-08,1.1103844459194497e-08,1.1103844459194497e-08,1.1103844459194497e-08,1.1103844459194497e-08,1.1103844459194497e-08,1.3324613351033394e-08,2.220768891838899e-08,2.220768891838899e-08,2.220768891838899e-08,2.220768891838899e-08,3.3311533377583486e-08,5.64963606083816e-06,1.3077144402562414e-08,1.5786769992128715e-08,1.5786769992128715e-08,1.5786769992128715e-08,3.157353998425743e-08,3.157353998425743e-08,3.157353998425743e-08,3.157353998425743e-08,3.157353998425743e-08,3.157353998425743e-08,3.157353998425743e-08,3.157353998425743e-08,3.157353998425743e-08,3.157353998425743e-08,3.157353998425743e-08,4.736030997638615e-08,6.314707996851486e-08,6.314707996851486e-08,6.314707996851486e-08,6.314707996851486e-08,7.89338499606436e-08,9.47206199527723e-08,1.894412399055446e-07,0.0181824123384342,5.7936917357390664e-08,512.0,512.0,512.0,512.0,512.0,512.0,512.0,512.0,512.0,512.0,512.0,512.0,512.0,512.0,512.0,512.0,512.0,512.0,512.0,512.0,1024.0,1024.0,4608.0,568.6296505629512,512.0,512.0,512.0,512.0,512.0,512.0,512.0,512.0,512.0,512.0,512.0,512.0,512.0,512.0,512.0,512.0,512.0,512.0,512.0,512.0,1024.0,1536.0,3584.0,568.0779497812956,-901097727488.0,-2327040.0,512.0,512.0,1024.0,1024.0,1536.0,2048.0,2048.0,2560.0,3072.0,3584.0,4096.0,4608.0,5120.0,6144.0,7168.0,8192.0,9728.0,11776.0,15360.0,267776.0,903997443072.0,-893.8942993597202,1.0,1.0,1.0,1.0,1.0,1.0,1.0,2.0,2.0,2.0,3.0,3.0,3.0,4.0,4.0,5.0,5.0,6.0,7.0,9.0,12.0,68.0,35913.0,6.849974873597563,0.0,0.0,0.0,0.0,0.0,0.0,0.0,0.0,0.0,0.0,0.0,0.0,0.0,0.0,0.0,0.0,0.0,0.0,0.0,0.0,0.0,31018.0,136951777.0,881.6621207264667,10,42,0,w20
6736628,5282911,1453717,0.2157929753579981,71939642,61652973,10286669,0.1429902723174519,61440,49152,12288,0.2,1729596,1320808,408788,0.2363488352193229,1479240704,0,1479240704,77787136,904281522176,57195909120,55009824768,12394192896,0.2166971919267221,1.6219817980229438e-08,1.6219817980229438e-08,1.6219817980229438e-08,1.6219817980229438e-08,6.487927192091775e-08,6.487927192091775e-08,8.109908990114719e-08,8.109908990114719e-08,8.109908990114719e-08,8.109908990114719e-08,8.109908990114719e-08,8.109908990114719e-08,8.109908990114719e-08,8.109908990114719e-08,8.109908990114719e-08,8.109908990114719e-08,8.109908990114719e-08,8.109908990114719e-08,8.109908990114719e-08,8.109908990114719e-08,9.731890788137665e-08,9.731890788137665e-08,1.7193007059043202e-06,7.445942642563587e-08,9.721319894710329e-08,9.721319894710329e-08,9.721319894710329e-08,9.721319894710329e-08,1.9442639789420658e-07,1.9442639789420658e-07,1.9442639789420658e-07,1.9442639789420658e-07,1.9442639789420658e-07,1.9442639789420658e-07,1.9442639789420658e-07,1.9442639789420658e-07,1.9442639789420658e-07,1.9442639789420658e-07,1.9442639789420658e-07,1.9442639789420658e-07,1.9442639789420658e-07,2.9163959684130986e-07,2.9163959684130986e-07,3.888527957884133e-07,4.860659947355164e-07,1.0693451884181362e-06,0.0125277677351142,3.304773480911297e-07,4096.0,4096.0,8192.0,12288.0,16384.0,20480.0,24576.0,32768.0,32768.0,40960.0,45056.0,53248.0,57344.0,65536.0,65536.0,65536.0,65536.0,65536.0,65536.0,65536.0,65536.0,131072.0,262144.0,47801.4067259509,512.0,512.0,512.0,512.0,512.0,512.0,4096.0,4096.0,4096.0,12288.0,12288.0,16384.0,28160.0,32768.0,32768.0,32768.0,52736.0,65536.0,65536.0,65536.0,65536.0,131072.0,327680.0,27966.21042472503,-900940623872.0,-479544615895.04,-224423779737.59995,-59216625664.0,-26140672.0,-4096.0,0.0,0.0,0.0,0.0,0.0,65536.0,131072.0,196608.0,327680.0,524288.0,720896.0,1179648.0,40435712.0,61558738124.80127,223864425267.19952,473773790986.2406,903997882368.0,-67994.38498346428,1.0,1.0,1.0,3.0,5.0,8.0,9.0,11.0,11.0,15.0,16.0,16.0,21.0,26.0,32.0,34.0,45.0,55.0,75.0,112.0,243.0,1993.0,73048.0,97.1792978545556,0.0,0.0,0.0,7.0,29.0,542.0,1056.0,1539.0,1790.0,2245.0,2612.0,3184.0,4455.0,8955.0,20415.0,30860.0,31116.0,31197.0,31274.0,31478.0,46438.0,94123.0,64639112.0,20099.88005199041,10,42,7,w20
270194,204867,65327,0.2417781297882262,6556460,5774172,782288,0.1193156062875393,65536,32768,32768,0.5,178752,144865,33887,0.1895755012531328,159858176,0,159858176,199632355328,704673247232,5425586176,5197656064,1216094208,0.2241406123783223,1.731850038412434e-07,1.731850038412434e-07,1.731850038412434e-07,1.731850038412434e-07,5.195550115237301e-07,6.927400153649735e-07,8.659250192062169e-07,8.659250192062169e-07,8.659250192062169e-07,8.659250192062169e-07,8.659250192062169e-07,8.659250192062169e-07,8.659250192062169e-07,8.659250192062169e-07,8.659250192062169e-07,8.659250192062169e-07,8.659250192062169e-07,8.659250192062169e-07,8.659250192062169e-07,8.659250192062169e-07,1.0391100230474605e-06,1.0391100230474605e-06,1.83576104071718e-05,7.880475255701708e-07,1.278301597365676e-06,1.278301597365676e-06,1.278301597365676e-06,1.278301597365676e-06,2.556603194731352e-06,2.556603194731352e-06,2.556603194731352e-06,2.556603194731352e-06,2.556603194731352e-06,2.556603194731352e-06,2.556603194731352e-06,2.556603194731352e-06,2.556603194731352e-06,2.556603194731352e-06,2.556603194731352e-06,2.556603194731352e-06,2.556603194731352e-06,3.834904792097028e-06,5.113206389462704e-06,5.113206389462704e-06,6.39150798682838e-06,1.278301597365676e-05,0.0020133250158509,3.368160108858936e-06,4096.0,4096.0,16384.0,32768.0,32768.0,36864.0,57344.0,65536.0,65536.0,65536.0,65536.0,65536.0,65536.0,65536.0,106496.0,155648.0,225280.0,262144.0,262144.0,262144.0,262144.0,262144.0,532480.0,115445.67212874694,512.0,512.0,512.0,512.0,512.0,512.0,512.0,512.0,512.0,512.0,512.0,512.0,512.0,4096.0,7116.800000000745,14848.0,32000.0,51712.0,65536.0,156364.80000000077,348160.0,398069.7599999979,1052672.0,46602.37684265312,-699552985088.0,-453139632128.0,-111066423296.0,-13160448.0,-1024.0,0.0,0.0,0.0,0.0,0.0,0.0,0.0,0.0,0.0,0.0,0.0,0.0,0.0,131072.0,404639744.0,117068672204.79988,441589356953.6019,699552370688.0,955644.6431106654,1.0,1.0,1.0,4.0,8.0,8.0,8.0,16.0,17.0,30.0,32.0,48.0,67.0,96.0,139.90000000000057,213.0,256.0,304.0,459.0,624.4000000000005,1086.199999999999,3583.94,25828.0,276.93357634669906,2.0,5.0,7.0,14.0,416.0,746.0,1202.0,1568.0,1871.0,2225.0,2510.0,2842.0,3482.0,4565.0,7474.8000000000175,15274.0,30224.0,31108.0,31219.0,31378.0,46149.0,177640.88000000018,5203760.0,19581.26571006651,1,42,11,w20
2456964,1850948,606016,0.246652372602936,35717062,30843669,4873393,0.1364443973583269,114688,32768,81920,0.7142857142857143,876927,712416,164511,0.1875994238973141,747810816,6144,747804672,76935168,904281325568,28630638592,27529580544,6232162304,0.2176745825621017,3.2421564373551017e-08,3.2421564373551017e-08,3.2421564373551017e-08,3.2421564373551017e-08,1.296862574942041e-07,1.296862574942041e-07,1.621078218677551e-07,1.621078218677551e-07,1.621078218677551e-07,1.621078218677551e-07,1.621078218677551e-07,1.621078218677551e-07,1.621078218677551e-07,1.621078218677551e-07,1.621078218677551e-07,1.621078218677551e-07,1.621078218677551e-07,1.621078218677551e-07,1.621078218677551e-07,1.621078218677551e-07,1.945293862413061e-07,1.945293862413061e-07,2.853097664872489e-06,1.487854126020356e-07,2.0519584609737e-07,2.0519584609737e-07,2.0519584609737e-07,2.0519584609737e-07,4.1039169219474e-07,4.1039169219474e-07,4.1039169219474e-07,4.1039169219474e-07,4.1039169219474e-07,4.1039169219474e-07,4.1039169219474e-07,4.1039169219474e-07,4.1039169219474e-07,4.1039169219474e-07,4.1039169219474e-07,4.1039169219474e-07,4.1039169219474e-07,6.155875382921098e-07,6.155875382921098e-07,8.207833843894797e-07,1.0259792304868498e-06,2.2571543070710696e-06,0.0264433834907219,6.572357715027831e-07,4096.0,4096.0,8192.0,12288.0,20480.0,28672.0,32768.0,32768.0,40960.0,49152.0,57344.0,65536.0,65536.0,65536.0,73728.0,94208.0,110592.0,126976.0,131072.0,131072.0,131072.0,188416.0,262144.0,68254.57121431829,512.0,512.0,512.0,512.0,512.0,512.0,512.0,4096.0,4096.0,4096.0,4096.0,4096.0,12288.0,22528.0,32768.0,32768.0,32768.0,55808.0,81920.0,131072.0,131072.0,131072.0,393216.0,31704.795015313128,-859088338944.0,-460873945006.08,-230577681203.2,-62838177791.99999,-67764224.0,-36864.0,0.0,0.0,0.0,0.0,0.0,0.0,0.0,0.0,393216.0,917504.0,1966080.0,4063232.0,138529587.1999979,67703930880.0,231246243020.7999,451039461212.1597,902359498752.0,-126337.96462380588,1.0,1.0,1.0,1.0,2.0,5.0,8.0,8.0,9.0,12.0,17.0,22.0,29.0,32.0,32.0,40.0,56.0,70.0,100.0,161.0,340.0,2135.539999999979,36421.0,111.28957699432728,0.0,4.0,7.0,21.0,484.0,913.0,1448.0,1628.0,1921.0,2313.0,2653.0,3206.0,4373.0,7907.0,16268.0,30685.0,31097.0,31189.0,31268.0,31474.0,46527.0,123278.53999999633,66609592.0,21565.75367394625,5,42,8,w20
5318946,4512577,806369,0.1516031559636063,35120223,30858875,4261348,0.1213360177126438,65536,32768,32768,0.5,783801,625591,158210,0.2018497041978767,743639552,0,743639552,28635852800,875723948032,28617793536,27508383744,6211670016,0.2170562174259163,3.240558834370987e-08,3.240558834370987e-08,3.240558834370987e-08,3.240558834370987e-08,1.2962235337483948e-07,1.2962235337483948e-07,1.620279417185494e-07,1.620279417185494e-07,1.620279417185494e-07,1.620279417185494e-07,1.620279417185494e-07,1.620279417185494e-07,1.620279417185494e-07,1.620279417185494e-07,1.620279417185494e-07,1.620279417185494e-07,1.620279417185494e-07,1.620279417185494e-07,1.620279417185494e-07,1.620279417185494e-07,1.9443353006225925e-07,1.9443353006225925e-07,9.267998266301024e-06,1.489000603640843e-07,2.3466752774004845e-07,2.3466752774004845e-07,2.3466752774004845e-07,2.3466752774004845e-07,4.693350554800969e-07,4.693350554800969e-07,4.693350554800969e-07,4.693350554800969e-07,4.693350554800969e-07,4.693350554800969e-07,4.693350554800969e-07,4.693350554800969e-07,4.693350554800969e-07,4.693350554800969e-07,4.693350554800969e-07,4.693350554800969e-07,4.693350554800969e-07,7.040025832201453e-07,7.040025832201453e-07,9.386701109601938e-07,1.1733376387002424e-06,2.581342805140533e-06,0.0007652508079602,6.594039911085964e-07,4096.0,4096.0,4096.0,8192.0,12288.0,16384.0,20480.0,24576.0,28672.0,32768.0,32768.0,32768.0,32768.0,32768.0,32768.0,32768.0,32768.0,32768.0,32768.0,32768.0,32768.0,65536.0,151552.0,28010.148524889435,512.0,512.0,512.0,512.0,512.0,512.0,4096.0,4096.0,8704.0,15872.0,20480.0,28672.0,32768.0,32768.0,32768.0,32768.0,32768.0,32768.0,32768.0,32768.0,32768.0,65536.0,196608.0,20723.566823625413,-901100490752.0,-456487615856.64,-183847387136.0,-18067161087.99999,-8945664.0,0.0,0.0,0.0,32768.0,65536.0,131072.0,196608.0,262144.0,360448.0,458752.0,622592.0,851968.0,1245184.0,3702784.0,22164156416.0,182554578944.0,453049424936.9599,903964721152.0,-57902.10319377245,1.0,1.0,2.0,3.0,5.0,7.0,8.0,8.0,8.0,8.0,10.0,13.0,16.0,16.0,19.0,24.0,29.0,35.0,48.0,71.0,158.0,1411.5199999999895,47154.0,64.21366606414779,0.0,0.0,0.0,5.0,9.0,142.0,789.0,1478.0,1933.0,2385.0,2822.0,3856.0,6931.0,16075.0,30631.0,31065.0,31160.0,31223.0,31301.0,31543.0,46564.0,79647.11999999918,63014384.0,19863.1382994184,5,42,6,w20
133028363,117209844,15818519,0.11891087466813374,134716938,118701088,16015850,0.11888519912767019,2048,1024,1024,0.5,100787,33468,67319,0.6679333644219989,408599338496,359915863040,48683475456,78528512,904281534464,106066341888,101985468416,23018749952,0.21702219141588278,8.424522612631823e-09,8.424522612631823e-09,8.424522612631823e-09,8.424522612631823e-09,3.369809045052729e-08,3.369809045052729e-08,4.2122613063159116e-08,4.2122613063159116e-08,4.2122613063159116e-08,4.2122613063159116e-08,4.2122613063159116e-08,4.2122613063159116e-08,4.2122613063159116e-08,4.2122613063159116e-08,4.2122613063159116e-08,4.2122613063159116e-08,4.2122613063159116e-08,4.2122613063159116e-08,4.2122613063159116e-08,5.054713567579094e-08,5.054713567579094e-08,8.424522612631823e-08,2.1431985526535358e-05,4.016258456834631e-08,6.243814721041968e-08,6.243814721041968e-08,6.243814721041968e-08,1.2487629442083937e-07,1.2487629442083937e-07,1.2487629442083937e-07,1.2487629442083937e-07,1.2487629442083937e-07,1.2487629442083937e-07,1.2487629442083937e-07,1.2487629442083937e-07,1.2487629442083937e-07,1.2487629442083937e-07,1.2487629442083937e-07,1.2487629442083937e-07,1.2487629442083937e-07,1.2487629442083937e-07,1.8731444163125902e-07,2.4975258884167873e-07,2.4975258884167873e-07,3.1219073605209836e-07,6.243814721041967e-07,0.006739323857303858,1.7794189556518965e-07,512.0,1024.0,1024.0,1024.0,1024.0,1024.0,1024.0,1024.0,1024.0,1024.0,1024.0,1024.0,1024.0,1024.0,1024.0,1024.0,1024.0,1024.0,1024.0,1024.0,1024.0,2048.0,6144.0,1077.4162740801873,512.0,512.0,1024.0,1024.0,1024.0,1024.0,1024.0,1024.0,1024.0,1024.0,1024.0,1024.0,1024.0,1024.0,1024.0,1024.0,1024.0,1024.0,1024.0,1024.0,1024.0,2048.0,6144.0,1069.470924806551,-900940923904.0,-152749115719.68,1024.0,2048.0,3072.0,4096.0,5120.0,7168.0,8192.0,10240.0,11264.0,13312.0,15360.0,18432.0,20480.0,24576.0,27648.0,32768.0,39936.0,50176.0,72704.0,149709741004.80005,903997444096.0,-2315.8069970071497,1.0,1.0,1.0,2.0,2.0,3.0,4.0,5.0,7.0,9.0,11.0,13.0,16.0,18.0,21.0,25.0,30.0,36.0,43.0,55.0,78.0,161.0,9144.0,25.41830195700564,0.0,0.0,0.0,0.0,0.0,0.0,0.0,0.0,0.0,0.0,0.0,0.0,0.0,0.0,0.0,0.0,0.0,0.0,7.0,2178.0,15197.0,32351.0,66642092.0,2830.434190296953,5,42,1,w20
