,write_block_req_split,write_cache_req_split,iat_read_avg,iat_write_avg,read_size_avg,write_size_avg,mean,std,block,bits,reduce,runtime_ns
0,19.511367794132795,0.7116565829390259,13.791812019492518,10.656963985601664,33.95629972052655,9.810224049567035,14.739720692043264,10.252637697991323,38141,4,0.0013674044953422785,1001828266
1,19.494011516050385,0.7007276411789424,13.791812019492518,9.52539566105575,33.95629972052655,9.84634001430427,14.552431095434736,10.334375833103172,289596,4,0.002734808990684557,1299230851
2,19.52475298777666,0.6829453377878948,13.78808601981764,8.571851615680597,33.95393441501705,9.81760121072791,14.389861931134625,10.425262164478942,8479,4,0.0041022134860268355,1291335362
3,19.582333398585458,0.6361316773534197,14.007554805998122,7.56644496114553,33.99618245505792,9.84158556868854,14.271705477804831,10.550220300934901,2615,4,0.005469617981369114,1296765488
4,19.56395286196074,0.6254471424559634,14.006972605973866,7.015155438460792,33.99529655959173,9.877716329800597,14.180756823040616,10.608435375874375,289627,4,0.0068370224767113925,1298725257
5,19.375417777826353,0.7183596144848884,13.81228863326966,7.015155438460792,33.82242700615909,9.877710111218525,14.103559763569884,10.51964761225594,48141,4,0.008204426972053671,1300267281
6,19.215964524378805,0.7567649953443077,13.611711652524262,7.015155438460792,33.684212803154125,9.877710111218525,14.026919920846801,10.456142853301927,49234,4,0.00957183146739595,1308489468
7,19.05587931171214,0.7951996764411036,13.413954893423853,7.015155438460792,33.54529875848921,9.877710111218525,13.95053303162427,10.39276563460896,46060,4,0.010939235962738228,1285744733
8,18.895158375411704,0.8336636913186776,13.215614754729602,7.015155438460792,33.40567954324582,9.877710111218525,13.873830319064185,10.329540654578174,425812,4,0.012306640458080506,1288550395
9,18.73379792110524,0.8721570735716626,13.017351889430017,7.015155438460792,33.26534977426533,9.877710111218525,13.796920368008594,10.266468731971266,132198,4,0.013674044953422785,1299983120
10,18.571794124164196,0.9106798568459994,12.823567240454098,7.015155438460792,33.1243040134571,9.877710111218525,13.720535130766784,10.203490621333009,419238,4,0.015041449448765063,1298189466
11,18.409143129401592,0.9492320748390537,12.629668221746732,7.015155438460792,32.98253676709599,9.877710111218525,13.643907623793782,10.140661670245041,129569,4,0.016408853944107342,1301962550
12,18.24584105076623,0.9878137612997068,12.434820419008313,7.015155438460792,32.840042485109144,9.877710111218525,13.566897210977118,10.078004136247424,49245,4,0.01777625843944962,1296287228
13,18.087548610119605,1.025093038238579,12.22979107254131,7.015155438460792,32.701766677640364,9.877710111218525,13.489510824703196,10.018014716047388,133207,4,0.0191436629347919,1304834454
14,17.922955369063708,1.063732744036592,12.038683602522166,7.015155438460792,32.557826998986734,9.877710111218525,13.412677377381419,9.955634372709838,31501,4,0.020511067430134176,1296949281
15,17.762338414161242,1.1013182093696594,11.839748073125099,7.015155438460792,32.41720730004762,9.877710111218525,13.335579591063821,9.895487153211597,130224,4,0.021878471925476456,1304400642
16,17.601449833742365,1.1388482100413295,11.640141861579774,7.015155438460792,32.27619370974974,9.877710111218525,13.258249860798754,9.835717403771044,130353,4,0.023245876420818733,1299290981
17,17.440290132981154,1.1763225913496687,11.439774747794448,7.015155438460792,32.13478561971352,9.877710111218525,13.180673106919683,9.776340909093422,131638,4,0.024613280916161013,1317168242
18,17.278137741669475,1.213908308048608,11.243003502382782,7.015155438460792,31.992347780507817,9.877710111218525,13.103377147048,9.71694112006074,130517,4,0.02598068541150329,1299741328
19,17.11462219822922,1.251689194545984,11.046791253445017,7.015155438460792,31.848551028181653,9.877710111218525,13.025753204013533,9.657457412931949,130518,4,0.02734808990684557,1296013963
20,16.950458935109243,1.2894982970943356,10.853221564878226,7.015155438460792,31.704021256062177,9.877710111218525,12.948344267137216,9.598108263397684,130840,4,0.028715494402187847,1296033286
21,16.792585323373803,1.3257445700694706,10.658201503488982,7.015155438460792,31.56487420668393,9.877710111218525,12.87237852554925,9.541836414072494,49277,4,0.030082898897530127,1314818521
22,16.628609632423434,1.363273802607683,10.474667902612266,7.015155438460792,31.420188032195572,9.877710111218525,12.79660081991971,9.483139995256133,434223,4,0.03145030339287241,1296652245
23,16.47208573135168,1.3994890435517735,10.28665754535448,7.015155438460792,31.28177757989404,9.877710111218525,12.722145908305215,9.42794333997941,132769,4,0.032817707888214684,1300474414
24,16.318667865945887,1.434387445855471,10.094771483041663,7.015155438460792,31.14611136908939,9.877710111218525,12.647800618935287,9.374801801135396,49301,4,0.03418511238355696,1295545949
25,16.1646853904389,1.469309878216924,9.903575417037654,7.015155438460792,31.009800894976213,9.877710111218525,12.573372855058167,9.321908030997625,49316,4,0.03555251687889924,1296332645
26,16.01013518225848,1.5042563654643075,9.728212736221783,7.015155438460792,30.872841557332478,9.877710111218525,12.501385231826061,9.268508071353734,49294,4,0.03691992137424152,1297668968
27,15.860990885820197,1.5378814650899637,9.54293069169293,7.015155438460792,30.740533654414968,9.877710111218525,12.429200374449563,9.21823806378009,49309,4,0.0382873258695838,1308234645
28,15.823387658531725,1.5203417729872595,9.458945605644951,6.901524948086133,30.630959850455167,9.805616645197821,12.35679608015051,9.20196625394729,49201,4,0.039654730364926075,1308437167
29,15.661350867998292,1.5566890045159638,9.295396738347122,6.901524948086133,30.486832522851437,9.805616645197821,12.284568454499462,9.145763875413708,49299,4,0.04102213486026835,1303350521
30,15.707841392547346,1.5225746048842297,9.568759984992466,6.111737580075961,30.53241752880486,9.835693928259554,12.213170836594069,9.237326114192431,40335,4,0.04238953935561063,1308610498
31,15.546837787145645,1.5586045935664312,9.427308441971674,6.111737580075961,30.389105252354234,9.835693928259554,12.144881263895584,9.179784327268832,49170,4,0.04375694385095291,1295572507
32,15.59263614174468,1.5171645002535128,9.4416491342969,5.680035458426227,30.401662145755157,9.831343079197023,12.07741507661225,9.242765364711405,48175,4,0.04512434834629519,1303711149
33,15.446603293107321,1.549754334257749,9.289425573113144,5.680035458426227,30.27151521268211,9.831343079197023,12.011446158463928,9.19172117709758,8793,4,0.046491752841637465,1299849259
34,15.31371722796727,1.5793306563908163,9.117058450594225,5.680035458426227,30.15297016018239,9.831343079197023,11.945742505459657,9.147313908484643,469220,4,0.04785915733697974,1295177739
35,15.392676760571382,1.2397156405869056,9.086676674842298,5.505905812178658,30.078530884359083,9.976243297177456,11.879958178285966,9.208665277059572,245773,4,0.049226561832322026,1294944744
36,15.252793504278822,1.3016306564299152,8.912703989464529,5.505905812178658,29.93501063791389,9.976243297177456,11.814047982907212,9.149618908532203,130205,4,0.0505939663276643,1300316845
37,15.112446937498937,1.363621449156047,8.740108326485302,5.505905812178658,29.79087475502282,9.976243297177456,11.748200096253205,9.090750099697596,130192,4,0.05196137082300658,1293343515
38,14.973934351592009,1.41935994752294,8.573927063073201,5.505905812178658,29.651643231325266,9.976243297177456,11.68350228381159,9.034937185441056,130139,4,0.053328775318348856,1297561884
39,14.844965075973693,1.4477164876295847,8.411140588122839,5.505905812178658,29.535826399672487,9.976243297177456,11.620299610125786,8.99289950648765,49326,4,0.05469617981369114,1301781461
40,14.715603959532459,1.4791297304210023,8.245455032799244,5.505905812178658,29.420509633838225,9.976242255814073,11.557141070763942,8.951034301948438,131546,4,0.05606358430903342,1299800749
41,14.591263543857995,1.5063364750757717,8.086571992946856,5.505905812178658,29.308652249731935,9.976242255814073,11.495828721600882,8.911413141362251,218352,4,0.05743098880437569,1299476349
42,14.473540646596248,1.5320357370996216,7.935316331646551,5.505905812178658,29.202658706795823,9.976242255814073,11.437616581688495,8.874316904399814,245776,4,0.05879839329971797,1298235026
43,14.354326205439294,1.561047572644454,7.786570029604713,5.505905812178658,29.0976630874846,9.976241214450674,11.380292320300399,8.837064823075968,118070,4,0.060165797795060254,1294503994
44,14.226513691500028,1.5830834887648106,7.673269683866919,5.534369158397794,28.96592006643729,9.961298705814722,11.324075799130261,8.786846189471964,49184,4,0.06153320229040253,1310730241
45,14.2918598306483,1.5384732614571226,8.083772026491735,4.704862030026277,29.014005248820943,9.979059734355351,11.268672021966621,8.884476848427935,2610,4,0.06290060678574481,1297532416
46,14.185728416695413,1.5614978585685568,7.940625832666811,4.704862030026277,28.918212436687067,9.979059734355351,11.214997718166579,8.851083101470856,50322,4,0.06426801128108708,1300438368
47,14.079333834221325,1.5845329000424977,7.800179290192636,4.704862030026277,28.822110886433187,9.979059734355351,11.161679779211878,8.817728785210491,50084,4,0.06563541577642937,1296720213
48,13.972675103163105,1.6075783929871414,7.659708530193205,4.704862030026277,28.72569910306591,9.979059734355351,11.108263815631831,8.784580159507831,50072,4,0.06700282027177164,1294823650
49,13.865751238585284,1.6306343445172111,7.520115029918755,4.704862030026277,28.62897558192401,9.979059734355351,11.054899659887814,8.751580044690487,50037,4,0.06837022476711392,1292658788
50,13.758561250649588,1.6537007617538273,7.38020745477885,4.704862030026277,28.53193880860019,9.979059734355351,11.001388340027347,8.718809318607843,49983,4,0.0697376292624562,1299591396
51,13.651104144584377,1.6767776518245985,7.239880607773851,4.704862030026277,28.43458725886202,9.979059734355351,10.94771190457108,8.686280712394465,50310,4,0.07110503375779847,1300425982
52,13.543378920653867,1.6998650218636084,7.099997312637467,4.704862030026277,28.3369193985721,9.979059734355351,10.894013736351445,8.653937106871544,49985,4,0.07247243825314076,1300323414
53,13.435384574127132,1.7229628790114286,6.959971286149619,4.704862030026277,28.238933683607517,9.979059734355351,10.840195697879553,8.621823462603603,50008,4,0.07383984274848304,1302703512
54,13.327120095246874,1.7460712304151187,6.819619091189791,4.704862030026277,28.140628559778445,9.979059734355351,10.786226790168643,8.589958330834708,50041,4,0.07520724724382531,1292719557
55,13.219472176634413,1.7680114817388002,6.680804327162664,4.725593794790934,28.032537616300655,9.967310929838883,10.732288387744392,8.553002012497247,245761,4,0.0765746517391676,1292692863
56,13.110642921803903,1.7911422567224686,6.541003545730415,4.725593794790934,27.933553262065708,9.967310929838883,10.678207785158719,8.52153222239688,49967,4,0.07794205623450987,1305269294
57,13.001540364225136,1.814283548849557,6.401675804035865,4.725593794790934,27.834244591794864,9.967310929838883,10.624108172255871,8.490256954147789,50067,4,0.07930946072985215,1293582074
58,12.892163473086605,1.837435365294631,6.2627234685344835,4.725593794790934,27.73461000897091,9.967310929838883,10.569972840086075,8.459185482617643,50056,4,0.08067686522519443,1290332044
59,12.76381057957243,1.856305849632328,6.168314720943538,4.768156784293079,27.592700909440023,9.944868479475016,10.515692887226068,8.405582754890936,49185,4,0.0820442697205367,1315198279
60,12.653383999311208,1.8795657326727722,6.032169430257359,4.768156784293079,27.49190086847808,9.944868479475016,10.46167421574792,8.374450620687572,49898,4,0.08341167421587899,1295045658
61,12.54957950515036,1.901386851714326,5.892572779450131,4.768156784293079,27.397074423199427,9.944868479475016,10.408939803880392,8.346544991554186,50333,4,0.08477907871122126,1288281305
62,12.42924757044316,1.9271409740093206,5.77969571149134,4.768156784293079,27.287480912764494,9.944867958093123,10.356098318515754,8.310180985894243,8801,4,0.08614648320656354,1298260135
63,12.32184623826443,1.9471119468176792,5.6489488671468315,4.780527386078729,27.181931573857117,9.938452703125272,10.303136452548342,8.27733579022346,50170,4,0.08751388770190582,1306596105
64,12.210693117511275,1.970329021065236,5.520236297966305,4.780527386078729,27.08014153843566,9.938452703125272,10.250063344030414,8.24655271684148,49972,4,0.0888812921972481,1299178191
65,12.259096113460936,1.9271531625422476,5.661201547345669,4.3368319152423975,27.084815254412785,9.923442825394854,10.198756803066482,8.294885610600533,48421,4,0.09024869669259038,1298606347
66,12.28739087231001,1.8958048338965723,5.669636904734561,4.014094441238706,27.092155695709376,9.926620433974163,10.147617196977231,8.341759127569032,48894,4,0.09161610118793266,1288742068
67,12.181366305932219,1.9179085822200037,5.549821404325199,4.014094441238706,26.99494835995798,9.926620433974163,10.097459921274712,8.311541967234882,50248,4,0.09298350568327493,1302451740
68,12.075495957054038,1.9445482287807996,5.425909819409633,4.014094441238706,26.899805419283716,9.926617302152485,10.04774519465323,8.281973231594515,129573,4,0.09435091017861721,1290217080
69,11.968958195430067,1.9667585747279088,5.315519274546426,4.014094441238706,26.80193244306167,9.926617302152485,9.998980038526211,8.25121710009335,50188,4,0.09571831467395948,1288926695
70,11.866533297019702,1.9852988787731742,5.2029336428507245,4.028326413337068,26.69945759810095,9.919121712651831,9.950278590455575,8.218431558887948,50169,4,0.09708571916930177,1291808746
71,11.765680848581754,2.0061599433425013,5.082877552140459,4.028326413337068,26.606710418196833,9.919121712651831,9.901479481375075,8.19134930642314,49395,4,0.09845312366464405,1287955915
72,11.662108743538726,2.0275428383830003,4.966778532595856,4.028326413337068,26.511393642603363,9.919121712651831,9.85254531385164,8.163119159225802,50237,4,0.09982052815998632,1288665860
73,11.556214400800053,2.0493626287513256,4.856436356805379,4.028326413337068,26.41386787234101,9.919121712651831,9.803888230781112,8.133699559235746,50347,4,0.1011879326553286,1292688288
74,11.456316957033687,2.069907429254385,4.738083672681016,4.028326413337068,26.321798412928633,9.919121712651831,9.755592432981103,8.10766212190707,49376,4,0.10255533715067089,1285872907
75,11.359117059982992,2.089860921812409,4.6173733915693855,4.028326413337068,26.232152926646126,9.919121712651831,9.707658737666636,8.083188350931982,229432,4,0.10392274164601316,1290602100
76,11.265470253560366,2.1090510351553617,4.497093571120404,4.028326413337068,26.145726304518305,9.919121712651831,9.660798215057222,8.060314584549513,49926,4,0.10529014614135544,1303960917
77,11.17246414600947,2.1280769276298486,4.377964298490795,4.028326413337068,26.059834512722464,9.919121712651831,9.614298001806914,8.037850516676482,49916,4,0.10665755063669771,1291426695
78,11.120528730376797,2.014560059986702,4.28580529788824,4.03204920606219,25.966795850678146,9.991448667636226,9.568531302104718,8.032361056818868,491506,4,0.10802495513204,1288788071
79,11.095028147113768,2.0047634748382843,4.278181459621568,3.7724351266510863,25.960577023212323,10.027825629342287,9.52313514346322,8.062475405938523,289420,4,0.10939235962738228,1291947940
80,11.001189270184677,2.0238690362026834,4.16997592039984,3.7724351266510863,25.87377329049865,10.027825629342287,9.478178045546537,8.038827173555491,49393,4,0.11075976412272455,1288992607
81,10.91348369502702,2.0416959222926567,4.05109189384331,3.7724351266510863,25.792591081341254,10.027825629342287,9.433187224749602,8.018937742999222,50440,4,0.11212716861806683,1287134695
82,10.891957436080084,2.031283759537911,4.04201558586014,3.519568810855395,25.786337584791323,10.059461890630125,9.388437511292496,8.049405063491982,580247,4,0.11349457311340912,1289974303
83,10.804055509375848,2.055804100891682,3.930116534571645,3.519568810855395,25.710014103813368,10.059459801715075,9.34650314353717,8.029549148699445,84585,4,0.11486197760875139,1288208186
84,10.72106599499632,2.072615058012198,3.824117118918854,3.519568810855395,25.63311450582756,10.059459801715075,9.304990215054234,8.010414668406979,129856,4,0.11622938210409367,1285536979
85,10.640469431808805,2.0889166814343807,3.7218779666035138,3.519568810855395,25.558389118094063,10.059459801715075,9.264780301751872,7.991974770769745,50472,4,0.11759678659943594,1299547723
86,10.643722277635709,2.045579013190229,3.7305663946656002,3.254243056565407,25.566047508361752,10.108653854927457,9.224802017557693,8.03332927349745,49086,4,0.11896419109477822,1304746353
87,10.85957321160431,1.7949177227061466,3.5479858234152335,3.544287589709738,25.438870836391164,9.925683562523252,9.185219791058307,8.018187719645532,245772,4,0.12033159559012051,1286047850
88,10.781356735867467,1.8106759669453667,3.4473436641950017,3.544287589709738,25.366051480940836,9.925683562523252,9.145899833363611,8.000345958420654,318585,4,0.12169900008546278,1289306778
89,10.706412428279306,1.8257536361042734,3.3488105848655247,3.544287589709738,25.296240777819662,9.925683562523252,9.107864763216961,7.9837015086833345,50611,4,0.12306640458080506,1288449267
90,10.68613581915119,1.8145611569297249,3.3488105848655247,3.3097206389267932,25.296240777819662,9.964044255587842,9.069918872213456,8.013075973101362,289498,4,0.12443380907614734,1308122672
91,10.606784018884468,1.830498828877829,3.259174394593568,3.3097206389267932,25.222295709152675,9.964044255587842,9.03208630767053,7.99380950048115,49383,4,0.12580121357148963,1302688094
92,10.526007788878864,1.8466986718778302,3.1717729618544492,3.3097206389267932,25.14698068505928,9.964044255587842,8.994204167030842,7.9739167947564145,239356,4,0.12716861806683188,1288657795
93,10.555501948450095,1.8144813798506174,3.241773327040056,3.010278417385959,25.153784432443395,9.966177780670613,8.956999547640121,8.009914273020847,48682,4,0.12853602256217417,1289271887
94,10.479744689801503,1.8296533527484478,3.150027051481737,3.010278417385959,25.083101628568055,9.966177780670613,8.919830486776052,7.992325048840938,1949,4,0.12990342705751645,1284304217
95,10.398280395662741,1.845944684226242,3.069737991398758,3.010278417385959,25.007051828617012,9.966177780670613,8.882911849660221,7.9713802400852565,50236,4,0.13127083155285874,1282601184
96,10.320536918670557,1.861469170034864,2.9846614857850597,3.010278417385959,24.934434693622013,9.966177780670613,8.846259744361511,7.952582330640663,49407,4,0.13263823604820102,1293346045
97,10.240505155549926,1.8841211067281154,2.8916180075805413,3.010278417385959,24.864522248962476,9.966176730659784,8.8095369444778,7.934760942384944,439198,4,0.13400564054354328,1289364380
98,10.29783476075052,1.8420500569094518,3.0547391136690294,2.6147305304733366,24.87918316603268,9.951083219367018,8.77327014120034,7.976872762308526,48183,4,0.13537304503888556,1290051037
99,10.21641461797122,1.85826758604757,2.9801771147417404,2.6147305304733366,24.80303607155943,9.951083219367018,8.737284856693385,7.955295228689877,49358,4,0.13674044953422784,1296316706
100,10.141757511713696,1.8731167309809096,2.8978024449105657,2.6147305304733366,24.733175465256444,9.951083219367018,8.701944317116995,7.937347404472346,49425,4,0.13810785402957013,1286651467
101,10.066976143944597,1.8879702060341137,2.81589191947212,2.6147305304733366,24.66316157814875,9.951083219367018,8.666635599573324,7.919455618966186,49400,4,0.1394752585249124,1281856363
102,9.990770156555556,1.9030857011584554,2.7401090795687773,2.6147305304733366,24.591775765226576,9.951083219367018,8.631925742058286,7.900431184957582,50378,4,0.14084266302025467,1291417532
103,9.919209657157037,1.917260551595651,2.6595554143016793,2.6147305304733366,24.524706535888992,9.951083219367018,8.597757651463953,7.883879407843107,49756,4,0.14221006751559695,1283884215
104,9.843014153402128,1.8724092500509617,2.6595554143016793,2.3881516475473687,24.524706535888992,10.097313797560568,8.56419179979195,7.921616384018656,308625,4,0.14357747201093923,1284477336
105,9.82136548176287,1.8617109429621697,2.721960980244707,2.127858991103014,24.52226500435307,10.133820519077114,8.531496986583823,7.949624700675659,289418,4,0.14494487650628152,1294133869
106,9.75181070730583,1.8754535216346675,2.6494476455360814,2.127858991103014,24.45708873971456,10.133820519077114,8.49924668739521,7.932872925484829,49430,4,0.1463122810016238,1286974911
107,9.689119609185504,1.8878250132800414,2.5652823632916135,2.127858991103014,24.398316553028298,10.133820519077114,8.467037174827597,7.920219245560376,50621,4,0.14767968549696608,1284207039
108,9.626341353509641,1.9001995100142555,2.482671505673616,2.127858991103014,24.339436486916366,10.133820519077114,8.435054727715668,7.9074884864433335,49461,4,0.14904708999230834,1292953739
109,9.519767612705703,1.9875939524439785,2.4048729869275287,2.127858991103014,24.247001136736714,10.13381562253686,8.403485050408966,7.871759866031501,64943,4,0.15041449448765062,1282246489
110,9.452374377260815,2.000853832685866,2.3325238467382303,2.127858991103014,24.183723146519014,10.13381562253686,8.371858302807299,7.856397228316991,49739,4,0.1517818989829929,1291707568
111,9.389266435371312,2.0132558015088784,2.2534985731819925,2.127858991103014,24.124441348198715,10.13381562253686,8.340356128650129,7.843587722252618,49765,4,0.1531493034783352,1287176374
112,9.32431376290751,2.0260054125160827,2.180698350122817,2.127858991103014,24.063398941622324,10.13381562253686,8.309348513468102,7.829437034322587,50606,4,0.15451670797367748,1283917445
113,9.252230328380687,2.0463424672305046,2.1143648905603247,2.127858991103014,23.996392321395,10.133813524019605,8.27850042044819,7.811414852986974,117380,4,0.15588411246901973,1289600013
114,9.188842996298607,2.0587555008383256,2.040632465413845,2.127858991103014,23.936764101653342,10.133813524019605,8.24777792988779,7.7982164849953035,535366,4,0.15725151696436201,1295128260
115,9.123602562739977,2.071516488192936,1.9702317834529548,2.127858991103014,23.87536464991059,10.133813524019605,8.217064666569847,7.784034994231206,535373,4,0.1586189214597043,1286504339
116,9.10313880432636,2.060540969199248,2.0427616305318654,1.8677113243015997,23.87411885981813,10.170299912310153,8.18642858341456,7.811071840424726,289413,4,0.15998632595504658,1287958108
117,9.043536910728916,2.073217733229258,1.9633395172203054,1.8677113243015997,23.8188912614001,10.170298863343762,8.156165935037324,7.800247246175916,438331,4,0.16135373045038887,1285230281
118,8.979875344262236,2.0856388415331155,1.8963589918897947,1.8677113243015997,23.758933722180924,10.170298863343762,8.126469514585239,7.786285416772493,535386,4,0.16272113494573112,1284222340
119,8.986068573775054,2.042069003779192,1.9054171422254795,1.6647192585787463,23.766976320607764,10.21612872965932,8.096896504770925,7.823058124502038,48401,4,0.1640885394410734,1285260346
120,8.922326508090624,2.054488672603306,1.8414274341121355,1.6647192585787463,23.706920481294144,10.21612872965932,8.067668514056379,7.808699130233004,535403,4,0.1654559439364157,1288113343
121,8.860712963525325,2.0664799708533255,1.7740675781266435,1.6647192585787463,23.64884421026346,10.21612872965932,8.038492118501138,7.795662951716802,535383,4,0.16682334843175797,1288642964
122,8.802125038733564,2.0780425954489843,1.7021317413957031,1.6647192585787463,23.593485540516685,10.21612872965932,8.009438817388833,7.7843795947988115,49491,4,0.16819075292710026,1284948948
123,8.745240524769683,2.089089937271915,1.6304456366640723,1.6647192585787463,23.5398217828934,10.21612872965932,7.980907644972857,7.773848752408302,8863,4,0.1695581574224425,1291267717
124,8.685168197782835,2.1038522270740714,1.5647486807232969,1.6647192585787463,23.48140803642295,10.21612872965932,7.952670855040203,7.760520135952816,87238,4,0.1709255619177848,1284309483
125,8.628137641394467,2.1149051563729975,1.4950092412005853,1.6647192585787463,23.427560290534924,10.21612872965932,7.92441005295684,7.749904785260893,8875,4,0.17229296641312708,1278981837
126,8.568357403929967,2.1264787559099583,1.4333741064855976,1.6647192585787463,23.37109286563313,10.21612872965932,7.896691853366119,7.737304942428269,235837,4,0.17366037090846936,1286951645
127,8.512074734857498,2.1373637877525073,1.3663571112635033,1.6647192585787463,23.31790723167784,10.21612872965932,7.869091808964903,7.726797641077572,3027,4,0.17502777540381165,1288504158
128,8.4352034719592,2.092371952107192,1.3663571112635033,1.47603999578956,23.31790723167784,10.361820271683614,7.841616672413484,7.764477967098588,309142,4,0.17639517989915393,1289318415
129,8.382131764395076,2.099986660670817,1.3005716057701333,1.4880718793354886,23.259979829634084,10.355423754059476,7.81436091564418,7.750827536376578,50222,4,0.1777625843944962,1287834589
130,8.305263379514502,2.054984921077771,1.3005716057701333,1.3013936605055674,23.259979829634084,10.500815828145246,7.787168204107883,7.789301826731099,445791,4,0.17912998888983847,1283458338
131,8.246532408893243,2.066297823145231,1.2430892641120586,1.3013936605055674,23.204493096031,10.500815828145246,7.760437013472057,7.776922237224157,49516,4,0.18049739338518075,1288769019
132,8.187726155049292,2.0776132335848656,1.1872067600689955,1.3013936605055674,23.148911976403816,10.500815828145246,7.733944602292965,7.764387567274723,49542,4,0.18186479788052304,1284237270
133,8.13469106880021,2.0955848421163967,1.1169421062724745,1.3013936605055674,23.095920714628765,10.500815828145246,7.707558036744776,7.754093984448948,132889,4,0.18323220237586532,1284008614
134,8.082495126205789,2.1056102188729695,1.052419418268386,1.3013936605055674,23.04654706364332,10.500815828145246,7.681546885940212,7.745267621785584,426271,4,0.18459960687120758,1283073867
135,8.045388078008894,2.082394194883768,1.052419418268386,1.1365037840998327,23.04654706364332,10.572330574743688,7.655930518941315,7.774978403669036,483371,4,0.18596701136654986,1283537021
136,7.994921994122193,2.092073806513144,0.9893095210735574,1.1365037840998327,22.998805225536238,10.572330574743688,7.630657484348109,7.766633101575649,8811,4,0.18733441586189215,1282850375
137,7.9412410501845025,2.102360405423242,0.9317648112593021,1.1365037840998327,22.948003214483425,10.572330574743688,7.605367306698999,7.756485558345857,50492,4,0.18870182035723443,1291996460
138,7.890660555188904,2.112043804056871,0.8690151525716844,1.1365037840998327,22.9001175771277,10.572330574743688,7.58011190796478,7.748237012577527,640341,4,0.1900692248525767,1282212863
139,7.836857842751936,2.124496587240174,0.8090304928669553,1.1365037840998327,22.84980633265751,10.572329354179002,7.554837398965902,7.738544075499243,2251,4,0.19143662934791897,1282480729
140,7.786162547135667,2.1341841853237886,0.7465591327818177,1.1365037840998327,22.801776716076688,10.572329354179002,7.529585953266133,7.730407949073943,8899,4,0.19280403384326125,1295201001
141,7.735411449875091,2.1438736215258527,0.6846382636484982,1.1365037840998327,22.75367682847319,10.572329354179002,7.504405550300245,7.722267542792812,8882,4,0.19417143833860354,1286021224
142,7.679627491660785,2.154072461373564,0.634221793569182,1.1385084092671456,22.699480266909983,10.571269179298557,7.479529933679871,7.7100915854598675,535424,4,0.19553884283394582,1283105808
143,7.631030172562885,2.163332971546,0.5704884332930257,1.1385084092671456,22.653386053728802,10.571269179298557,7.454669203282736,7.703131004869234,49832,4,0.1969062473292881,1289478578
144,7.607072933871663,2.1196569516347044,0.5800007658633094,0.9557191749763414,22.66166687742373,10.655979160618642,7.430015977398065,7.740375930063034,48952,4,0.1982736518246304,1282609618
145,7.5406745279430085,2.164669019293104,0.510357851035253,0.9557191749763414,22.60628816099345,10.655978114856078,7.405614474849539,7.727190175807167,90935,4,0.19964105631997264,1289801816
146,7.492863221660573,2.173762810087351,0.4481690769348412,0.9557191749763414,22.560921177148888,10.655978114856078,7.381235595944012,7.72044578899433,49862,4,0.20100846081531493,1284172000
147,7.438617263483914,2.191868603217105,0.3934999393743292,0.9557191749763414,22.505545760997027,10.655978114856078,7.3568714761508,7.708368484911819,40281,4,0.2023758653106572,1283281135
148,7.392070066596222,2.2007072535524514,0.33298243851963366,0.9557191749763414,22.461343651733163,10.655978114856078,7.333133450038981,7.701978531305532,49604,4,0.2037432698059995,1280139764
149,7.345476030917199,2.2095474329428635,0.27313806872664786,0.9557191749763414,22.417082338940347,10.655978114856078,7.309490193559913,7.695558138322829,8843,4,0.20511067430134178,1321086928
150,7.351893281094163,2.1658331369789123,0.3709449951071356,0.7073703276396968,22.42235954315913,10.698125231659603,7.286087752606439,7.725162171831037,49078,4,0.20647807879668403,1276995483
151,7.306171836376091,2.174498344808789,0.3113564032088409,0.7073703276396968,22.37891426135727,10.698125231659603,7.262739400841714,7.718886911408656,49606,4,0.20784548329202632,1278279387
152,7.259947348536819,2.1832516968478455,0.25311889121850595,0.7073703276396968,22.334976545810616,10.698125231659603,7.23946500695218,7.712325683407738,8837,4,0.2092128877873686,1286160949
153,7.211843285263576,2.1923533065199594,0.19932411918250764,0.7073703276396968,22.289236821726455,10.698125231659603,7.216375515331966,7.704551766913562,50386,4,0.21058029228271088,1278742576
154,7.161394999188934,2.2018900653774365,0.15020772752172773,0.7073703276396968,22.241251192893234,10.698125231659603,7.193373257380105,7.695369370753074,50658,4,0.21194769677805317,1281047599
155,7.117322554374874,2.2102145096198105,0.0909989249023434,0.7073703276396968,22.199315996797864,10.698125231659603,7.170557924165699,7.689907787064919,49580,4,0.21331510127339542,1280160090
156,7.066771407403272,2.2197546025980426,0.04359608906377538,0.7073703276396968,22.151199998932828,10.698125231659603,7.147802942882869,7.68058011505791,328730,4,0.2146825057687377,1290779132
157,7.084258109451198,2.1774022572701575,0.06554631256523916,0.5205169738816747,22.16695495670028,10.736734867975771,7.125235579640719,7.716222122643067,49061,4,0.21604991026408,1275437844
158,7.040108875529731,2.1857268399744503,0.006784073405128937,0.5205169738816747,22.124922937693306,10.736734867975771,7.10246576141001,7.710718622088273,49608,4,0.21741731475942228,1278537846
159,7.010583511596354,2.1641998661795854,0.01275133466482618,0.3619748760777944,22.129937407147683,10.802044848865792,7.0802486407553396,7.741683799546463,239137,4,0.21878471925476456,1272430835
160,6.933133349608182,2.119060904570212,0.01275133466482618,0.21156739438832378,22.129937407147683,10.94659033191587,7.058840120382516,7.780341755432602,309648,4,0.22015212375010682,1283065384
161,6.85572609120359,2.0739170388382986,0.01275133466482618,0.06149315314807667,22.129937407147683,11.090815562268624,7.037440097878516,7.819771915036665,309646,4,0.2215195282454491,1283544934
162,6.804100142641758,2.0836215546627916,0.011365139117860244,0.06149315314807667,22.080839031381483,11.090815562268624,7.022039097203432,7.803381871327142,136501,4,0.22288693274079138,1282656678
163,6.786130097986042,2.07171503762561,0.011365139117860244,0.0001051900231281206,22.080839031381483,11.125153303682158,7.012551299969381,7.816872009030261,643366,4,0.22425433723613367,1277711738
164,6.745983132761274,2.079687176632063,0.02656129641663159,0.0001051900231281206,22.042933449574935,11.125153129881316,7.003403895881557,7.801795126190332,228956,4,0.22562174173147595,1276877452
165,6.7090358504517145,2.0866204837374323,0.046838272148610645,0.0001051900231281206,22.00777849856265,11.125153129881316,6.995921904134143,7.78696718662282,314181,4,0.22698914622681823,1287227618
166,6.67210513816285,2.0791443799830978,0.01697704203144439,0.023868120166550082,21.98842743010467,11.157627679706904,6.989691631692587,7.785558724177003,166214,4,0.2283565507221605,1312791691
167,6.645285183042725,2.0841715045372533,0.026960060479041596,0.023868120166550082,21.962902001486363,11.157627679706904,6.983469091569806,7.775533840244283,327275,4,0.22972395521750277,1288578844
168,6.608266837456374,2.091106281979735,0.05738049925319515,0.023868120166550082,21.92766237396697,11.157627679706904,6.977651965421622,7.759242329943807,50788,4,0.23109135971284506,1279200263
169,6.610113399722314,2.0908340375029324,0.020033890017916257,0.021956573021301443,21.92855740824497,11.156582593329444,6.971346316973147,7.76529692412385,639314,4,0.23245876420818734,1276534791
170,6.576772437807058,2.1064407700514227,0.037709402665342,0.021956573021301443,21.894367402445475,11.156580508172993,6.965637849027265,7.750321296913945,130244,4,0.23382616870352962,1284912480
171,6.580930094434358,2.1058096309207266,6.784623615984304e-05,0.01809548719705976,21.896599876241673,11.154490211346177,6.959332191062693,7.757075407895321,428487,4,0.23519357319887188,1272513291
172,6.537831567263472,2.1138750046051147,0.043270064145710656,0.01809548719705976,21.855549301271278,11.154490211346177,6.953851939304802,7.736981056962586,50637,4,0.23656097769421416,1279525675
173,6.539679631812381,2.113602809103785,0.007979794997057157,0.016119239728187486,21.85644576731359,11.15344500093314,6.94787870731469,7.742743869880478,340811,4,0.23792838218955645,1280620121
174,6.498862403716539,2.1212357524489165,0.04885577145472651,0.016119239728187486,21.81755640831764,11.15344500093314,6.942679096099859,7.723749577403371,50304,4,0.23929578668489873,1278099543
175,6.500247247541119,2.12105031748918,0.015927275301051546,0.014183892585888182,21.81801146659293,11.152399749183747,6.936969991448986,7.72900222255743,331937,4,0.24066319118024102,1275953973
176,6.455679120270203,2.1293785007218022,0.06387301025387737,0.014183892585888182,21.775535245619484,11.152399749183747,6.931841586439167,7.707806814839982,129350,4,0.24203059567558327,1286177491
177,6.457536973844968,2.127422245041661,0.010515359521596256,0.014183892585888182,21.77836861796476,11.155246386647647,6.9238789126010865,7.717105322609242,392577,4,0.24339800017092555,1280966625
178,6.412928110514277,2.1357517262672356,0.038143790945730734,0.014183892585888182,21.735841224571995,11.155246386647647,6.915349188588796,7.698947198636954,129519,4,0.24476540466626784,1289159413
179,6.4138489326510975,2.1356531170170405,0.0070676775217045126,0.012207084936155204,21.73585357467131,11.154201149850484,6.9098052561079655,7.703784277644941,211535,4,0.24613280916161012,1279299859
180,6.369197498060861,2.1439840056367894,0.05617664531107152,0.012207084936155204,21.693271702681937,11.154201149850484,6.90483968107955,7.68244777987865,129352,4,0.2475002136569524,1278448122
181,6.3706033274853855,2.140777174836319,0.012340322761801787,0.014412158820320441,21.697910230923263,11.16093983535225,6.89949717502989,7.691070498208082,582035,4,0.2488676181522947,1282562132
182,6.3110047299853695,2.1812356727503706,0.05043049731881644,0.014412158820320441,21.649554493572364,11.160933579388102,6.894595188639223,7.666445416551571,73723,4,0.250235022647637,1276558993
183,6.3110157485094875,2.1797246391163654,0.012316984724970274,0.016609675480208745,21.65164841522739,11.164825243566455,6.889356784437479,7.672986459717918,390893,4,0.25160242714297926,1275259192
184,6.273262552294488,2.1867603505932305,0.04959692321271944,0.016609675480208745,21.615626857825458,11.164825243566455,6.88444693382876,7.655645730275984,50669,4,0.2529698316383215,1295075036
185,6.272341782149602,2.185249247033603,0.013573761448213564,0.018714745254642912,21.616680501298852,11.168716753841966,6.87921279850448,7.6615687868367575,335400,4,0.25433723613366377,1284339920
186,6.2266243867070035,2.19376283117362,0.06498211158011749,0.018714745254642912,21.573047951532747,11.168716753841966,6.874308130015017,7.639676888645519,49686,4,0.25570464062900605,1281296225
187,6.228957986538121,2.1904798022378094,0.010160429913987346,0.022149754455937785,21.576493624906103,11.17298680182962,6.866871399980263,7.649138159342948,434176,4,0.25707204512434834,1272679141
188,6.18973808806806,2.197778160280224,0.03033782950094514,0.022149754455937785,21.539052168768784,11.17298680182962,6.858673800483928,7.633942428722971,535491,4,0.2584394496196906,1268103658
189,6.154225137752726,2.2043823349489227,0.06575021438989574,0.022149754455937785,21.50514047661115,11.17298680182962,6.854105786664708,7.61766266001796,228237,4,0.2598068541150329,1271861902
190,6.160301627485948,2.212117256187887,0.00482627762666178,0.022149754455937785,21.51785952678856,11.17298575921017,6.848373366959194,7.629939662843244,345152,4,0.2611742586103752,1287839731
191,6.133185056698486,2.2187232842745224,0.013562149660823414,0.022149754455937785,21.492592571859536,11.172984716590717,6.842199588923337,7.620283439004121,209117,4,0.26254166310571747,1286580343
192,6.090140405911771,2.2267211976850136,0.062371010391243424,0.022149754455937785,21.451475609616352,11.172984716590717,6.837640449108506,7.599713920601716,432082,4,0.26390906760105975,1285328582
193,6.089219680554314,2.225209737427501,0.028755796728558353,0.024211437472055182,21.45253307857947,11.176875988582063,6.832800953223994,7.605286395402415,458189,4,0.26527647209640204,1288887479
194,6.105886364989155,2.2139026299992346,0.028755796728558353,0.0005034549329821717,21.45253307857947,11.167186047151748,6.828127895396858,7.608780855810137,171992,4,0.2666438765917443,1277197209
195,6.062338825750907,2.2219879142458487,0.07947852880475105,0.0005034549329821717,21.41091884933504,11.167186047151748,6.823735603370213,7.587805832337908,445,4,0.26801128108708655,1288842594
196,6.062839294324075,2.2160505599666807,0.0007045684573990198,0.007929771307112733,21.415579460372204,11.177818086392504,6.81348695680333,7.601512979923174,459863,4,0.26937868558242883,1278813765
197,6.017846865793101,2.2243976800820935,0.05283527814832061,0.007929771307112733,21.372573655772324,11.177818086392504,6.808900222915909,7.579897413084725,129820,4,0.2707460900777711,1274173952
198,6.018332654523985,2.2231467618896175,0.017634069807569583,0.009934207212226813,21.375435912909648,11.181709781601729,6.804365564657462,7.586244885714743,483627,4,0.2721134945731134,1277862953
199,5.996759155093409,2.227146902040663,0.03096177570683812,0.009934207212226813,21.35481086336179,11.181709781601729,6.8002204475027765,7.577631037573762,355817,4,0.2734808990684557,1284149171
200,5.951704280701971,2.235496029127531,0.08586696003695574,0.009934207212226813,21.311726460566824,11.181709781601729,6.796072953207873,7.5556642220976675,129943,4,0.27484830356379797,1279229416
201,5.948057625820207,2.2299924260915103,0.005046444097100681,0.021812555011322402,21.318357379158336,11.199364836030336,6.787105211034802,7.570360055250019,458254,4,0.27621570805914025,1278171104
202,5.963351465183068,2.218681429981549,0.005046444097100681,0.0001232997211348149,21.318357379158336,11.191436190514786,6.782832701442662,7.573680546077161,170335,4,0.27758311255448254,1284110272
203,5.927657694232155,2.2252912830403466,0.04348707944191237,0.0001232997211348149,21.284215341179582,11.191436190514786,6.778701814688319,7.557030006523312,433559,4,0.2789505170498248,1290809917
204,5.926304429295434,2.221299064230229,0.003603881427242665,0.006176735407678661,21.288135673552038,11.201065427426743,6.774430868556561,7.564681205768025,623287,4,0.2803179215451671,1278877186
205,5.884001724236263,2.2391321133076234,0.04497011840718269,0.006176735407678661,21.24706079751721,11.201062298949768,6.7704006313042875,7.544409522768324,95616,4,0.28168532604050933,1278834228
206,5.84824980054552,2.245744971105103,0.08457918536264761,0.006176735407678661,21.212845977582806,11.201062298949768,6.766443161492254,7.5276457225223545,209297,4,0.2830527305358516,1280411721
207,5.841354020257892,2.2371499201577496,0.0056332042331299695,0.022423504348655417,21.218736947151204,11.225074242024988,6.75839530636227,7.542197267936326,330304,4,0.2844201350311939,1287549215
208,5.85805082180836,2.225834978314546,0.0056332042331299695,0.0007594659132805284,21.218736947151204,11.215395165311476,6.754068430455333,7.545267581495569,175877,4,0.2857875395265362,1276558585
209,5.812857488969553,2.234187977804633,0.06370410902144144,0.0007594659132805284,21.175474864866274,11.215395165311476,6.750396511981109,7.52289475479581,49635,4,0.28715494402187847,1276926421
210,5.8087240276992125,2.229574156146517,0.02051853455299806,0.009612009238828784,21.179482648389882,11.229780366110564,6.746281957023001,7.531238499424849,374320,4,0.28852234851722075,1278964827
211,5.828210988768219,2.2201944449900775,0.009055483389347967,0.001004034821843857,21.179942274789514,11.215164163794144,6.742261898425524,7.533466208144538,432365,4,0.28988975301256303,1278171111
212,5.7829809397129,2.2285479505668526,0.06745437920700886,0.001004034821843857,21.13662917812047,11.215164163794144,6.7386301077038695,7.511058863235442,49648,4,0.2912571575079053,1280428774
213,5.781117101551472,2.2275349280222185,0.03852636173765201,0.003125150298406265,21.138324023453308,11.220479992951596,6.734851259669109,7.516241366734371,331858,4,0.2926245620032476,1280254293
214,5.777302361189045,2.2273385632826783,0.032196743555242484,0.0005964722806261004,21.13200299339108,11.218391579603722,6.7313047855504,7.515432700831141,2358,4,0.2939919664985899,1283927325
215,5.723192871076293,2.2230470978358654,0.07918396234165835,0.011305594654811239,21.088174705998583,11.241744683228525,6.727774819189289,7.496815821871842,50375,4,0.29535937099393217,1287368458
216,5.722432025342917,2.2150349238658267,0.001422654145977362,0.028062403586017137,21.102722130374506,11.26717692434449,6.7228085102766215,7.513883029457845,643406,4,0.2967267754892744,1275312535
217,5.7419311792657535,2.2037151817438843,0.001422654145977362,0.0003964246641498527,21.102722130374506,11.253995163013464,6.7173637888679565,7.517375065581199,170580,4,0.2980941799846167,1288939000
218,5.7221117149964424,2.2110253058357894,0.011315161782560446,0.0003964246641498527,21.081490044136583,11.253995163013464,6.713388969071498,7.5088326265565355,219246,4,0.29946158447995896,1278962058
219,5.698034014602175,2.2174660435034306,0.03266660125422073,0.0003964246641498527,21.05709416480712,11.253995163013464,6.70994206864076,7.497771901896793,2314,4,0.30082898897530125,1310207036
220,5.685754374822038,2.2197291980916734,0.03508510247384629,0.0003964246641498527,21.045325673739946,11.253995163013464,6.706714322800853,7.493711468537829,585039,4,0.30219639347064353,1279602333
221,5.6403864495618885,2.232265407503027,0.09310423755356226,0.0003964246641498527,21.001376347070668,11.253995163013464,6.703587338227794,7.470914191037586,132192,4,0.3035637979659858,1269796890
222,5.636352598538524,2.226744658132239,0.006128352554336664,0.019357071875014002,21.012914012263618,11.277624143126943,6.696520139415113,7.487704859472186,350105,4,0.3049312024613281,1294401173
223,5.59094521042638,2.2434640119791154,0.04967659634837875,0.019357071875014002,20.967364551866613,11.277624143126943,6.691405264270408,7.466150253865436,129798,4,0.3062986069566704,1284902801
224,5.60488711261045,2.23213913209554,0.04967659634837875,1.1046234967675471e-05,20.967364551866613,11.271465856171352,6.687590715887883,7.469189756513264,178235,4,0.30766601145201267,1275308069
225,5.599834106702631,2.226280066414712,0.005003627823984156,0.012204114924317248,20.97207770385028,11.28858252071933,6.683997023405876,7.477966303564209,391585,4,0.30903341594735495,1280782606
226,5.574749456221843,2.2310698304924985,0.031201623585786705,0.012204114924317248,20.948176130236035,11.288582346884104,6.680997250390764,7.466597346374446,625755,4,0.3104008204426972,1271866740
227,5.559597551370291,2.2455289314330176,0.0194982838884682,0.012204114924317248,20.942563260647276,11.288580087026272,6.677995371548273,7.4654908015872055,209064,4,0.31176822493803946,1272169244
228,5.514112646641483,2.2622578128147057,0.0748712487917536,0.012204114924317248,20.898011534067283,11.288580087026272,6.675006240710968,7.442599007446284,129864,4,0.31313562943338175,1277418081
229,5.50814047147388,2.2557762487436777,0.02831789186615626,0.027837549866100687,20.90334204045406,11.308603606555055,6.6720029681598225,7.451735783445248,623486,4,0.31450303392872403,1271253690
230,5.527669671794067,2.244446913928494,0.02831789186615626,0.00017047849331669953,20.90334204045406,11.29543279760554,6.666563299023605,7.455105511304359,169935,4,0.3158704384240663,1275819061
231,5.495175162943181,2.2449464898856064,0.02316636522887399,0.016040453168063473,20.88610656646248,11.316589346747737,6.663670730739324,7.4510080424594545,376572,4,0.3172378429194086,1283790882
232,5.5063367054562375,2.233615916299339,0.02316636522887399,0.00023230323027584237,20.88610656646248,11.31394759519593,6.660567575312189,7.453916373854636,172988,4,0.3186052474147509,1267779284
233,5.466489379860271,2.240935439893206,0.0768608168270073,0.00023230323027584237,20.847868705470418,11.31394759519593,6.657722373412852,7.434128977938425,50597,4,0.31997265191009316,1273479393
234,5.456443633689553,2.2322179613227475,0.0006689177129568686,0.02792878558982119,20.860826522794593,11.349894183730107,6.654663334139964,7.450316226739624,349897,4,0.32134005640543545,1270570498
235,5.47597988625482,2.220885804084274,0.0006689177129568686,0.0002620547726730379,20.860826522794593,11.336734811029652,6.649226332774828,7.453646360769995,172530,4,0.32270746090077773,1267419921
236,5.438006422714146,2.227856754615067,0.05122502985625729,0.0002620547726730379,20.824381196664593,11.336734811029652,6.646411044942064,7.43489086867412,535510,4,0.32407486539612,1272160594
237,5.434351082756495,2.2238570813941108,0.012351298095512102,0.010596036192915255,20.828958282514545,11.350488375037719,6.643433692665216,7.442510765340242,408997,4,0.32544226989146224,1274051450
238,5.420578464141592,2.226384225662403,0.02026531937299569,0.010596036192915255,20.81573867486035,11.350488375037719,6.640675182544662,7.437261393560828,355806,4,0.3268096743868045,1268703428
239,5.373531354881506,2.243641860470829,0.08269421296879256,0.010596036192915255,20.766754453600075,11.350488375037719,6.637951048858639,7.412073829845881,133433,4,0.3281770788821468,1269702602
240,5.366284863084254,2.2319133391600303,0.000691121302594237,0.034778405457212766,20.779584817565823,11.385764012332217,6.633169426483689,7.429813904048183,458545,4,0.3295444833774891,1279223981
241,5.388624952928332,2.220577419054358,0.000691121302594237,0.0031615576469146488,20.779584817565823,11.369108692512146,6.6269580935016945,7.433220361378068,168354,4,0.3309118878728314,1273375041
242,5.343921348104712,2.2334786644882243,0.0565171442299596,0.0031615576469146488,20.737810858747867,11.369106606241912,6.623999363243265,7.411683404759266,640371,4,0.33227929236817366,1272693474
243,5.34410481784322,2.2284850466914756,0.0028140898942262045,0.01543758885638052,20.749275058414334,11.386745530256361,6.621143688659333,7.423823979717626,351113,4,0.33364669686351595,1274532829
244,5.355278350032198,2.21714716567426,0.0028140898942262045,0.000243343925408346,20.749275058414334,11.384114830176816,6.618145473019541,7.426597972187443,178880,4,0.33501410135885823,1266995993
245,5.309589140483936,2.233363612571704,0.06345328343331323,0.000243343925408346,20.70260962260453,11.384114830176816,6.615562305532618,7.402542403204053,131836,4,0.3363815058542005,1267099026
246,5.2638557972100735,2.2501085685728777,0.12440596417837915,0.000243343925408346,20.655420381269106,11.384114830176816,6.61302481422211,7.378330002557277,132015,4,0.3377489103495428,1270995209
247,5.258523977584308,2.241558259633914,0.007107241004011406,0.023655879152124068,20.670736641906952,11.416538781664476,6.603020130157631,7.4015170742713,577670,4,0.339116314844885,1267489991
248,5.27529327406198,2.2302162817526305,0.007107241004011406,7.157722628405262e-06,20.670736641906952,11.406902670694613,6.59837721119047,7.404592327676479,168299,4,0.3404837193402273,1270578224
249,5.258136022963229,2.2333561322000617,0.022652867971796168,7.157722628405262e-06,20.65424791186993,11.406902670694613,6.59588379390371,7.3972706048615375,318602,4,0.3418511238355696,1271119138
250,5.2123529527686046,2.2501052591763995,0.08390204657945478,7.157722628405262e-06,20.607166801106303,11.406902670694613,6.593406148008,7.373074447461518,132027,4,0.3432185283309119,1299044008
251,5.198573585076339,2.234113393348882,0.0004900482568935301,0.032269886402238115,20.618977792739138,11.45344630929551,6.5896451691865,7.391443345768096,458029,4,0.34458593282625416,1273788827
252,5.220940648610838,2.222768429592778,0.0004900482568935301,0.0006512586562826398,20.618977792739138,11.436811754839889,6.5834399887826365,7.394724890419027,170395,4,0.34595333732159644,1273143858
253,5.183716057200964,2.2316667877689698,0.047818419622545065,0.0006512586562826398,20.584231035150324,11.436810711663506,6.580815711677098,7.377013056506872,130773,4,0.3473207418169387,1270497740
254,5.13786101592448,2.248420841764436,0.1092655249371551,0.0006512586562826398,20.537112877328763,11.436810711663506,6.57835370504577,7.35289252899998,130980,4,0.348688146312281,1288345494
255,5.126880710341404,2.239691133622192,0.0013122610652825427,0.029678001325380336,20.54909955105002,11.472723816710577,6.569897579019142,7.373483614033929,462582,4,0.3500555508076233,1267187915
256,5.147860998831792,2.22834279850478,0.0013122610652825427,0.00010482226702935239,20.54909955105002,11.45784649010633,6.564094486970873,7.376649037904181,170336,4,0.3514229553029656,1266132844
257,5.11918454846361,2.2335788153932645,0.03501631681474679,0.00010482226702935239,20.521514371213303,11.45784649010633,6.561207560709714,7.363358396702138,535437,4,0.35279035979830786,1263340365
258,5.100057279952056,2.245274523242814,0.04597702902628734,0.00010482226702935239,20.503440794114404,11.457843360515238,6.558782968186304,7.355512791674627,38194,4,0.3541577642936501,1264643146
259,5.095045701053102,2.2386932420192345,0.0030635769919761242,0.013954607964099803,20.509899982632845,11.4779361878149,6.556432216412692,7.364890112587535,366892,4,0.3555251687889924,1261105807
260,5.1062390362906545,2.2273426163733303,0.0030635769919761242,0.001741014025736677,20.509899982632845,11.475319817108979,6.553934340570588,7.367149774534693,175284,4,0.35689257328433466,1267386477
261,5.097151886155526,2.230746615896938,0.0023741216446228446,0.001741014025736677,20.502240505693823,11.47531842615208,6.551595428261455,7.364798925560895,580032,4,0.35825997777967694,1264731516
262,5.068922797122864,2.2358966871080144,0.03882378472025415,0.001741014025736677,20.475076554090514,11.47531842615208,6.549296543869911,7.351266378388791,346548,4,0.3596273822750192,1268706079
263,5.048741444743608,2.2288332549199326,0.0033748559690848384,0.020215219340163213,20.472793775683648,11.504636742017313,6.5464325487789585,7.357707803748222,552329,4,0.3609947867703615,1268102069
264,5.062736916478038,2.2174808468746248,0.0033748559690848384,0.0004510308460027097,20.472793775683648,11.498523002517016,6.542560071394735,7.360585353523623,168537,4,0.3623621912657038,1275532064
265,5.034487906114416,2.2226308258420095,0.0400282025711756,0.0004510308460027097,20.445605377629654,11.498523002517016,6.540287724253379,7.347044622684239,346542,4,0.3637295957610461,1267966019
266,5.01772207279814,2.2256861433503916,0.05654053713853621,0.0004510308460027097,20.42946640241043,11.498523002517016,6.538064864843419,7.339797752771597,535447,4,0.36509700025638836,1276158640
267,5.006701301491159,2.227694022874835,0.06362843162036215,0.0004510308460027097,20.41885662486408,11.498523002517016,6.535975735702242,7.335593495219987,346351,4,0.36646440475173064,1274850289
268,4.998413579757243,2.221197819946245,0.018410235664615866,0.018400552535532765,20.424868774233527,11.522110667234998,6.533900271562028,7.345085859574263,485976,4,0.3678318092470729,1269362903
269,5.011014081782574,2.2098437660439108,0.018410235664615866,0.0006299986140150942,20.424868774233527,11.517750862418355,6.530419619792833,7.347897407215316,168698,4,0.36919921374241516,1266035105
270,4.992801900583702,2.2131608447260747,0.03840532483662799,0.0006299986140150942,20.407334950391945,11.517750862418355,6.52834731359512,7.339727741699672,412860,4,0.37056661823775744,1273828956
271,4.974103188320815,2.2165654388356693,0.06015328853719458,0.0006299986140150942,20.38933032313583,11.517750862418355,6.526422183310313,7.331174764360523,50674,4,0.3719340227330997,1258247844
272,4.966812979285513,2.2087248830953548,0.0058726331107235115,0.021041564476910208,20.398741038294624,11.545220552359185,6.524402275103718,7.3432733082893575,321308,4,0.373301427228442,1276651089
273,4.980816393357697,2.1973693883533465,0.0058726331107235115,0.0012779085124189364,20.398741038294624,11.539114842102196,6.520532033955168,7.346118924821214,167560,4,0.3746688317237843,1265836719
274,4.964031601970809,2.2004245535078435,0.024422130417208712,0.0012779085124189364,20.382578702456513,11.539114842102196,6.518641623161165,7.338581042094706,328251,4,0.3760362362191266,1260458848
275,4.949639917458773,2.2056624044887063,0.037911481403821584,0.0012779085124189364,20.366973809429204,11.539114842102196,6.516763393899186,7.331676520066429,228278,4,0.37740364071446886,1270536454
276,4.924203952922125,2.231248291177784,0.04301893333423437,0.0012779085124189364,20.350505770227546,11.539110669314082,6.5148942542480315,7.324151635139182,94654,4,0.37877104520981114,1268503342
277,4.906918928617677,2.2343928333057943,0.06265418112845204,0.0012779085124189364,20.333856463908802,11.539110669314082,6.513035164131204,7.316343842422072,388607,4,0.3801384497051534,1274503595
278,4.8991514999383154,2.2259382272776094,0.012236783580062452,0.021240105969025317,20.342197996780143,11.566576481855298,6.511223515900077,7.327705508305799,336837,4,0.3815058542004957,1273417996
279,4.913161467899249,2.2145783978694595,0.012236783580062452,0.0014766505168995908,20.342197996780143,11.560474996730273,6.507354382229348,7.330521811395193,168571,4,0.38287325869583794,1259398095
280,4.899714980091552,2.217547964465422,0.02618533960374247,0.0014766505168995908,20.32889632331967,11.560474996730273,6.505716042454593,7.324479210580374,641944,4,0.3842406631911802,1258881524
281,4.89106880095405,2.227506005867198,0.017409579114747546,0.0014766505168995908,20.32668098326674,11.560472910336216,6.504102488342642,7.324423082271939,212359,4,0.3856080676865225,1263603001
282,4.879538116225945,2.2339710362098675,0.021436907085353556,0.0014766505168995908,20.31805802326649,11.560469606878964,6.50249172336392,7.3209121498361,393726,4,0.3869754721818648,1260813891
283,4.868004635276493,2.2360679784202784,0.0324077294086581,0.0014766505168995908,20.306947102335858,11.560469606878964,6.500895617139524,7.3160237011369755,641872,4,0.38834287667720707,1258341017
284,4.859352688932218,2.239213553031433,0.03739299934159798,0.0014766505168995908,20.297970755056806,11.560469606878964,6.4993127089596525,7.312483236220736,396540,4,0.38971028117254936,1267435738
285,4.8487759504390535,2.2463791956109675,0.0370681080472857,0.0014766505168995908,20.2924409065783,11.560468563681928,6.497768229145739,7.3104931837033265,387722,4,0.39107768566789164,1260881030
286,4.8430058291124345,2.24795227598794,0.03793070554860105,0.0014766505168995908,20.28653180111269,11.560468563681928,6.496227637660083,7.30857259915253,7628,4,0.3924450901632339,1275856992
287,4.820880546144243,2.2619373403616887,0.054799839859116115,0.0014766505168995908,20.268650641274142,11.560465434090851,6.4947017420411575,7.299953316486087,129319,4,0.3938124946585762,1262810755
288,4.807407944431955,2.2643851199603198,0.0696510864409771,0.0014766505168995908,20.25566741526619,11.560465434090851,6.493175608451199,7.293969097453006,535431,4,0.3951798991539185,1275403465
289,4.794517747205609,2.248189529392837,0.004669122400275808,0.029988114014939282,20.265268448600573,11.603464769156677,6.491016288461819,7.309405161348328,448256,4,0.3965473036492608,1265012756
290,4.815546755089728,2.236823808260016,0.004669122400275808,0.0005408898685453257,20.265268448600573,11.588625948348557,6.485245828761283,7.3123157446952645,173686,4,0.397914708144603,1266992234
291,4.809772488547732,2.2378726707649803,0.006341926421891206,0.0005408898685453257,20.259704008852772,11.588625948348557,6.483809655467414,7.310439544489418,435189,4,0.3992821126399453,1270778249
292,4.802553670105136,2.2391837791602804,0.010674058527373242,0.0005408898685453257,20.25274718380442,11.588625948348557,6.482387588302385,7.307764213163474,327659,4,0.40064951713528757,1268616828
293,4.7852240378849045,2.242330576513695,0.03315011221592412,0.0005408898685453257,20.236045019565836,11.588625948348557,6.480986097399577,7.299568473160299,346505,4,0.40201692163062985,1258521093
294,4.7794460916525905,2.2444285490343776,0.03488529453406129,0.0005408898685453257,20.22977597896778,11.588625948348557,6.479617125400985,7.297365286072904,340865,4,0.40338432612597214,1273493322
295,4.744763682653004,2.2596414250950656,0.08023594540217273,0.0005408898685453257,20.195991248527083,11.588623861913225,6.478299508909849,7.279987159264803,132182,4,0.4047517306213144,1259295741
296,4.766924802157153,2.266637370150434,0.00023933713684863353,0.0005408898685453257,20.227155602378122,11.588621079999449,6.475019846948425,7.299998716613995,432420,4,0.4061191351166567,1263922868
297,4.755845531500498,2.2686488815205763,0.011977014026034788,0.0005408898685453257,20.21647635195207,11.588621079999449,6.473684958144529,7.295151942780781,346424,4,0.407486539611999,1258819982
298,4.750064019040788,2.269698397126669,0.014786087446944882,0.0005408898685453257,20.210903243795386,11.588621079999449,6.472435619546296,7.293113981588907,50381,4,0.40885394410734127,1265191935
299,4.6791834855326355,2.3251784549553305,0.08073894690225146,0.0005408898685453257,20.152944695723367,11.588615168432646,6.471200273569129,7.262762508805257,90800,4,0.41022134860268356,1261831980
300,4.70233974599731,2.3309574409919276,0.006210561757778994,0.0005408898685453257,20.183504909675097,11.588614125214988,6.468694612250942,7.281840294009542,208897,4,0.4115887530980258,1262904694
301,4.689315734037169,2.3359489088103205,0.01767235302067718,0.0005408898685453257,20.172700432352457,11.588613081997314,6.467465233347748,7.276810297021,53883,4,0.41295615759336807,1268390595
302,4.68304364373275,2.339714724320378,0.016902998684680516,0.0005408898685453257,20.168755686222298,11.58861256038848,6.466261750536188,7.275585309912273,51324,4,0.41432356208871035,1268862361
303,4.648290960583134,2.3554816120267135,0.06282768436822993,0.0005408898685453257,20.134778212125003,11.588610473953148,6.465088305487463,7.258097037921345,130477,4,0.41569096658405263,1265577563
304,4.660360736057616,2.3674852218157825,0.005802587009181456,0.0005408898685453257,20.15693264838127,11.588608387517816,6.463288411775035,7.271831245935645,34133,4,0.4170583710793949,1264482813
305,4.654084834177864,2.369675965321967,0.009202159424801484,0.0005408898685453257,20.15064797859546,11.588608387517816,6.462126702484409,7.269409925610635,308595,4,0.4184257755747372,1278086466
306,4.648290960583134,2.378615170640492,0.0014955955167658232,0.0005408898685453257,20.148216587939977,11.58860630108247,6.460960917605231,7.269190157973839,211311,4,0.4197931800700795,1261055714
307,4.633803195466701,2.3830853587725445,0.01932513138739574,0.0005408898685453257,20.133487304803825,11.58860630108247,6.4598080302302465,7.262116197137955,3549,4,0.42116058456542177,1260263283
308,4.620277308716116,2.3855397457037673,0.036858078173728354,0.0005408898685453257,20.120443748071647,11.58860630108247,6.458711011936046,7.255773403582809,50715,4,0.42252798906076405,1269405388
309,4.6173784052241915,2.386591661840769,0.035508553704032206,0.0005408898685453257,20.11735578723719,11.58860630108247,6.4576635998262,7.255027556896883,330480,4,0.42389539355610634,1268512163
310,4.60674758464014,2.388520230898425,0.048434937573645205,0.0005408898685453257,20.10710290745947,11.58860630108247,6.4566588085871155,7.250174985788944,212041,4,0.4252627980514486,1263587437
311,4.602189744219638,2.3812118653601564,0.0068308068924284385,0.02297234975068473,20.112546372933558,11.607644738276337,6.455565979572133,7.257833010526061,330302,4,0.42663020254679085,1270278615
312,4.619037991389215,2.3698306930659676,0.0068308068924284385,0.0005744533952297129,20.112546372933558,11.598052479112866,6.4511454661315435,7.260364229042225,178444,4,0.42799760704213313,1273585379
313,4.612272630162933,2.372109670612846,0.012247438688050397,0.0005744533952297129,20.105670301971003,11.598052479112866,6.450154495657155,7.2574783835578165,212371,4,0.4293650115374754,1267411469
314,4.5972887715359105,2.379297879889634,0.026010057817562476,0.0005744533952297129,20.093799673407077,11.598049870759061,6.449170117800747,7.251684564900143,73608,4,0.4307324160328177,1264756849
315,4.566339457511784,2.4049031174485176,0.04761902783264913,0.0005744533952297129,20.071664599119774,11.598043610709937,6.448190711002982,7.240495351954493,90927,4,0.43209982052816,1258329759
316,4.580849448319678,2.4085871162141763,0.003496642151220457,0.0005744533952297129,20.091276962042603,11.59804256736841,6.44713786491522,7.252194697534886,1080,4,0.43346722502350227,1263759464
317,4.573111335683258,2.4099906140379797,0.011597220913125083,0.0005744533952297129,20.08381305867107,11.59804256736841,6.446188208344846,7.248857619647697,396473,4,0.43483462951884455,1267563085
318,4.567306927522608,2.411569595073603,0.016099000294953775,0.0005744533952297129,20.07803855889462,11.59804256736841,6.445271850424905,7.24648499160751,223332,4,0.43620203401418683,1263950757
319,4.564404458641309,2.4120959329055713,0.015914088918304085,0.0005744533952297129,20.07523871049841,11.59804256736841,6.444378368621206,7.245711073571881,455475,4,0.4375694385095291,1260918845
320,4.535370056618772,2.4257826157569493,0.05333129538413806,0.0005744533952297129,20.047812905472156,11.598039437343857,6.443485127328517,7.231587711478296,132203,4,0.4389368430048714,1262514649
321,4.5285825918963045,2.418363567546922,0.002543219629749867,0.0197101136964024,20.058251038388235,11.62549652615077,6.44215784288473,7.243780731953347,366079,4,0.44030424750021363,1257593514
322,4.542630313213227,2.4069761083491974,0.002543219629749867,4.350123385818048e-06,20.058251038388235,11.619405854474,6.438301814029633,7.246409182662315,173609,4,0.4416716519955559,1258644416
323,4.531981558912731,2.412591468719236,0.012450296121064505,4.350123385818048e-06,20.048152861597284,11.61940428946171,6.437430804155902,7.241725237691581,3406,4,0.4430390564908982,1258374768
324,4.524235517943063,2.4139954050353705,0.021043824665576184,4.350123385818048e-06,20.0406791132814,11.61940428946171,6.4365604167517505,7.23832438082676,7113,4,0.4444064609862405,1261024993
325,4.516972462845291,2.415311630290821,0.028814600082949705,4.350123385818048e-06,20.03367099304755,11.61940428946171,6.4356963876419515,7.235180282468292,231310,4,0.44577386548158277,1265318007
326,4.493723258897787,2.428475743859353,0.05396191375303092,4.350123385818048e-06,20.01351929007393,11.619400116095626,6.434847445467185,7.224977492556615,131919,4,0.44714126997692505,1264516371
327,4.4869401082406934,2.430406765090025,0.06031057595040106,4.350123385818048e-06,20.006953494630366,11.619399942205376,6.434002539373374,7.222112537634805,393812,4,0.44850867447226733,1261106459
328,4.492754296362826,2.450423455063168,0.004444686981352248,4.350123385818048e-06,20.02814237835032,11.61939576883928,6.432527489286723,7.234890252446679,38549,4,0.4498760789676096,1257648366
329,4.478702129842915,2.4592929981315677,0.013678101804629536,4.350123385818048e-06,20.019035218424495,11.619394725497768,6.431684587304127,7.230488538001878,640319,4,0.4512434834629519,1262780443
330,4.454464543350486,2.4758067331103963,0.02913942276830585,4.350123385818048e-06,20.006428235487327,11.619393682156241,6.43087282783269,7.223843053501781,19858,4,0.4526108879582942,1259892152
331,4.443311122709346,2.479848138453782,0.04352237293192149,4.350123385818048e-06,19.994318040530576,11.619393682156241,6.430066284484209,7.218068804853615,376947,4,0.45397829245363647,1259683981
332,4.440401106451021,2.4809024705339633,0.04378969861650786,4.350123385818048e-06,19.991275445833594,11.619393682156241,6.4292944589524526,7.217113881194917,239391,4,0.4553456969489787,1265588357
333,4.4156588103705054,2.495929060247224,0.06471490609442988,4.350123385818048e-06,19.97548706907388,11.619392638814729,6.428531139120692,7.208862438280309,87554,4,0.456713101444321,1279716345
334,4.403690007126497,2.4869146448062422,0.00849693599305556,0.026370827068328218,19.984075861260646,11.652801676898822,6.427058325525597,7.221341061734633,640361,4,0.45808050593966326,1258982962
335,4.423372900541812,2.475517746076471,0.00849693599305556,0.0010375048614326375,19.984075861260646,11.639723613163623,6.42203742698284,7.223636604240898,171802,4,0.45944791043500555,1264737008
336,4.390367910379692,2.4925681276406215,0.04273531757746171,0.0010375048614326375,19.961488578220074,11.63972152643929,6.4213198275197625,7.211496691058435,82911,4,0.46081531493034783,1270505742
337,4.382598717320108,2.4939745979504027,0.0523494721944042,0.0010375048614326375,19.95399029238934,11.63972152643929,6.420612018525829,7.207971466868299,1798,4,0.4621827194256901,1265051511
338,4.378682584125362,2.485925029163346,0.0020527830202265894,0.01761154620754292,19.966179198397842,11.666135828631855,6.419431161591029,7.220866258372427,459776,4,0.4635501239210324,1265629369
339,4.391338970740756,2.4745254677614903,0.0020527830202265894,0.00013567270604180725,19.966179198397842,11.661800982716883,6.416005512557207,7.223368235559229,170056,4,0.4649175284163747,1257646691
340,4.385512312678782,2.476634955621403,0.007630927930312214,0.00013567270604180725,19.96008687943358,11.661800982716883,6.4153002885145005,7.220719041315285,439907,4,0.46628493291171696,1254644183
341,4.379684944387997,2.478744530332752,0.013336464442859691,0.00013567270604180725,19.95387624689743,11.661800982716883,6.414596473580661,7.21801547590238,313529,4,0.46765233740705925,1268446063
342,4.350537444955296,2.4929864317519295,0.05094128981407717,0.00013567270604180725,19.927091538186588,11.66179785263039,6.413915038340721,7.204181911163764,131359,4,0.4690197419024015,1256198332
343,4.346649769036242,2.4936898380942187,0.0539213780390676,0.00013567270604180725,19.92333861772885,11.66179785263039,6.413255521372467,7.2026920117239,637617,4,0.47038714639774376,1266524248
344,4.337545615085121,2.485647582057055,0.001124768547373839,0.024195333970838024,19.93381707281213,11.692737805655817,6.41251136302139,7.21513110464505,335388,4,0.47175455089308604,1262562282
345,4.354424804870553,2.4742453763026964,0.001124768547373839,0.00047562674279801184,19.93381707281213,11.683165562016596,6.407875535215358,7.217699477069202,171067,4,0.47312195538842833,1265929243
346,4.350051502747658,2.475036605146183,0.00511835214844756,0.00047562674279801184,19.92959565306288,11.683165562016596,6.40724055031076,7.215926047338096,399484,4,0.4744893598837706,1256157211
347,4.346163787325446,2.475739929931324,0.008346250609988384,0.00047562674279801184,19.92584284389245,11.683165562016596,6.406622333419768,7.214397757304352,437155,4,0.4758567643791129,1256915557
348,4.3432477933549505,2.4762674298558958,0.009853450393792306,0.00047562674279801184,19.92302796764112,11.683165562016596,6.406006305000858,7.213386853228626,1117,4,0.4772241688744552,1259425842
349,4.339845575677953,2.477410364989573,0.01208210494600299,0.00047562674279801184,19.919391512576436,11.683165562016596,6.40539512449156,7.211980351198058,641909,4,0.47859157336979746,1270705966
350,4.332554294223645,2.4787291679778587,0.021426193905471128,0.00047562674279801184,19.912352601804773,11.683165562016596,6.404783907778524,7.208631245072876,50746,4,0.47995897786513975,1260422267
351,4.300459446860583,2.498251421681074,0.050836611314082375,0.00047562674279801184,19.89187559233096,11.683161388567934,6.404176681249571,7.197683620807307,455362,4,0.48132638236048203,1257481830
352,4.292675634498288,2.499658718314874,0.06113902677205182,0.00047562674279801184,19.884360197286426,11.683161388567934,6.403578432030396,7.194074368228832,50723,4,0.4826937868558243,1256704487
353,4.310187432035062,2.5072235998550187,0.004293166332251285,0.00047562674279801184,19.909056998275283,11.683158084587735,6.402399151304691,7.208633117897832,332600,4,0.48406119135116654,1252093061
354,4.307269244150187,2.507751423958311,0.005990655365506071,0.00047562674279801184,19.906240008487647,11.683158084587735,6.4018141738820304,7.207596079410717,307808,4,0.4854285958465088,1253488264
355,4.303864466652745,2.5083672256156304,0.008668511113817626,0.00047562674279801184,19.90295322817188,11.683158084587735,6.4012478571474345,7.206283324474806,230967,4,0.4867960003418511,1266420198
356,4.296081208204115,2.509774800044162,0.019236533640871432,0.00047562674279801184,19.895439405449686,11.683158084587735,6.400694276444895,7.2026270925634,4220,4,0.4881634048371934,1256974130
357,4.296081208204115,2.512941983847583,0.011162873292092663,0.00047562674279801184,19.89708374141429,11.68315704122557,6.400150412454408,7.204048214351182,209605,4,0.4895308093325357,1264015740
358,4.292189104183369,2.513645829048536,0.014862486888028176,0.00047562674279801184,19.893326303218018,11.68315704122557,6.399609398551053,7.20245456900872,332025,4,0.49089821382787796,1258429274
359,4.283430712573357,2.517869103229402,0.02459068080367968,0.00047562674279801184,19.884929300096534,11.683155997863405,6.399075236884862,7.1984444203196665,226765,4,0.49226561832322024,1266348726
360,4.280510892472062,2.5183970369690507,0.0266597411157485,0.00047562674279801184,19.88211025971379,11.683155997863405,6.398551592479476,7.197354556415176,450047,4,0.49363302281856253,1259243997
361,4.2766175218898015,2.5191009570801346,0.030493590387867555,0.00047562674279801184,19.87835117913579,11.683155997863405,6.3980324788499665,7.195743176984561,437330,4,0.4950004273139048,1274185235
362,4.268829830475677,2.520508826302561,0.041352585760319416,0.00047562674279801184,19.870831783208708,11.683155997863405,6.397525775058912,7.192051824749877,584431,4,0.4963678318092471,1259820714
363,4.26493550956651,2.5212127754143183,0.04533837230382989,0.00047562674279801184,19.8670714677244,11.683155997863405,6.397031624935877,7.190419849417694,228565,4,0.4977352363045894,1257642566
364,4.279537579518465,2.5264927019110757,0.002033649410231246,0.00047562674279801184,19.887455702404683,11.683153911139073,6.396524861854388,7.20198363191022,211340,4,0.4991026407999316,1259899596
365,4.2751574262647685,2.5287808389563122,0.004966348837315614,0.00047562674279801184,19.883706718239633,11.683153563351684,6.396040087065418,7.200389175956615,2362,4,0.500470045295274,1265219118
366,4.269316598312526,2.533533449939877,0.00788931988405626,0.00047562674279801184,19.879125120655015,11.68315251998952,6.3955821059206315,7.198388291286017,211709,4,0.5018374497906162,1257040881
367,4.26542231700725,2.5342375779287343,0.012169911537749536,0.00047562674279801184,19.87536528495482,11.68315251998952,6.395137206360146,7.1967105293954825,136496,4,0.5032048542859585,1267239566
368,4.262501398098824,2.534765680266945,0.015016533686240723,0.00047562674279801184,19.872545137995203,11.68315251998952,6.394742816129923,7.1955063512523925,209053,4,0.5045722587813007,1256199576
369,4.259580300947029,2.5352937880451716,0.017882685392411227,0.00047562674279801184,19.869724759417196,11.68315251998952,6.394351613422354,7.194299577124075,377342,4,0.505939663276643,1254693937
370,4.259093434091364,2.5438322854069693,0.00014004129424955634,0.00047562674279801184,19.8767755482313,11.683151476627355,6.393911402065673,7.198386119335182,313557,4,0.5073070677719853,1256157298
371,4.2561721289683145,2.5436386021385995,0.002078125465092961,0.00047562674279801184,19.87458197352907,11.68457566598487,6.3935870204714575,7.1977506933431235,642852,4,0.5086744722673275,1262800995
372,4.252276778145621,2.544342879929044,0.007106841434290511,0.00047562674279801184,19.870821194191247,11.68457566598487,6.3932664977379785,7.195962914267403,486236,4,0.5100418767626699,1254777552
373,4.249355057013454,2.5453993147537943,0.010278699986271303,0.00047562674279801184,19.867647750132836,11.68457566598487,6.392955352435671,7.194554060052157,230248,4,0.5114092812580121,1263882045
374,4.245946156985483,2.546015578453859,0.014587464038069087,0.00047562674279801184,19.86435644309464,11.68457566598487,6.392659489216619,7.193004245284569,314225,4,0.5127766857533544,1256100575
375,4.2371792993948505,2.552354720736927,0.02266347764731822,0.00047562674279801184,19.856949582372323,11.68457357926054,6.39236604769246,7.18937133569422,641053,4,0.5141440902486967,1259528643
376,4.2371792993948505,2.5617768384699007,0.006195416940214453,0.00047562674279801184,19.86192586007859,11.684570275280342,6.392020552817782,7.192520982452383,321795,4,0.515511494744039,1249510748
377,4.233282402935657,2.5630097670071867,0.011174540059885624,0.00047562674279801184,19.85786949255018,11.684570275280342,6.391730350762675,7.190603661553746,345360,4,0.5168788992393812,1256689706
378,4.22987235835882,2.56362624239198,0.01558501252482593,0.00047562674279801184,19.85457697317273,11.684570275280342,6.391451081411915,7.189039928282513,551277,4,0.5182463037347236,1250904084
379,4.224513226200334,2.5704079607761154,0.013185765969374501,0.00047562674279801184,19.853928852045627,11.68456818855601,6.3911799367150435,7.1888596903832065,74970,4,0.5196137082300658,1267332841
380,4.221589810399034,2.571464932728504,0.01654343174780394,0.00047562674279801184,19.85081226307053,11.68456818855601,6.390909042207447,7.187443881299123,633040,4,0.520981112725408,1264129137
381,4.218666216125766,2.5719934268736826,0.02015616014454347,0.00047562674279801184,19.847989369125056,11.68456818855601,6.390641497927976,7.186129284341889,235382,4,0.5223485172207504,1259692148
382,4.195271034986282,2.5862648276972893,0.04924029732388165,0.00047562674279801184,19.82645643570285,11.68456610183168,6.390379054047464,7.175041030167538,131997,4,0.5237159217160926,1253113061
383,4.212818492097874,2.591022843860688,0.0020576783094540386,0.00047562674279801184,19.8496334726861,11.684565058469515,6.390095528694405,7.1879334987599925,4712,4,0.5250833262114349,1266231333
384,4.209894362310555,2.5947238282474046,0.0010293259026475045,0.00047562674279801184,19.848338916669828,11.684564015107346,6.38983767916343,7.18750355536391,351330,4,0.5264507307067772,1261732413
385,4.205995244866518,2.5954288079297694,0.0064446797793924065,0.00047562674279801184,19.844574252273837,11.684564015107346,6.389580437783277,7.185661914636265,329928,4,0.5278181352021195,1259579055
386,4.182593872635775,2.6097067313370075,0.03610390988648373,0.00047562674279801184,19.822624619559228,11.68455984165867,6.389344100303327,7.174364568311939,132283,4,0.5291855396974617,1258425570
387,4.179667897173433,2.610235619634431,0.039935582538940154,0.00047562674279801184,19.819799019425325,11.68455984165867,6.389112264528933,7.173021068429901,550195,4,0.5305529441928041,1257812813
388,4.176741743004671,2.6112934125859617,0.04371497648068261,0.00047562674279801184,19.81662023771984,11.68455984165867,6.388900973032103,7.171529109144119,319332,4,0.5319203486881463,1325070192
389,4.173815410113092,2.6123512273469593,0.0474519799206782,0.00047562674279801184,19.813500021917513,11.68455984165867,6.388692351283285,7.1700621566935325,228593,4,0.5332877531834886,1263193837
390,4.172242532466603,2.612775429459686,0.049811124909927035,0.003456187366453155,19.810201743714213,11.68248886861512,6.388495981088667,7.168031461258674,408980,4,0.5346551576788309,1247756610
391,4.164554526477857,2.602127271668043,0.0008559289175084918,0.01858165771998078,19.821503063559277,11.715060105879886,6.387113759037092,7.181900986860029,577596,4,0.5360225621741731,1264892775
392,4.178637844044636,2.5907102291203787,0.0008559289175084918,0.001041092072440906,19.821503063559277,11.708986915888518,6.383622512267126,7.184025514522183,177374,4,0.5373899666695154,1259298880
393,4.160864941790729,2.589240762525858,0.004269358397134582,0.008933147006086503,19.8125524437062,11.722706646547026,6.383094549995505,7.182301999465975,458574,4,0.5387573711648577,1260515933
394,4.166498795864361,2.5778229248314117,0.004269358397134582,0.001039129395569832,19.8125524437062,11.727115802138451,6.381549742388855,7.1847328788064075,171885,4,0.5401247756602,1257763024
395,4.164980364798794,2.578166913642815,0.007242865489999628,0.0008316212818912845,19.81019647641706,11.726081178198728,6.381249903304881,7.183509141149129,642110,4,0.5414921801555422,1255764843
396,4.152405410532439,2.5776038905872674,0.0185021291296557,0.0031264748274444126,19.801243434542524,11.732423390335397,6.380884121659121,7.1802016189620375,229492,4,0.5428595846508846,1251843123
397,4.156686424230056,2.5769698169927757,0.013092020414178573,0.0006465331450671828,19.803598640253472,11.730354352507739,6.380224631257215,7.181679487347333,551040,4,0.5442269891462268,1257703079
398,4.153758808326597,2.5780274778087087,0.016807703770340295,0.0006465331450671828,19.800594637931884,11.730354352507739,6.3800315855817225,7.180252594024463,333130,4,0.5455943936415691,1251213074
399,4.150831013564595,2.57855631639578,0.020911673687866655,0.0006465331450671828,19.79776693086988,11.730354352507739,6.3798444700284875,7.178870435869648,456296,4,0.5469617981369114,1255050304
400,4.133260488045657,2.592837019703446,0.038994764111707554,0.0006465331450671828,19.78185531833086,11.730350178976481,6.379657383718869,7.170900829479441,340779,4,0.5483292026322536,1252542100
401,4.1303314408149525,2.5933660110024213,0.04310335096938126,0.0006465331450671828,19.779026025994273,11.730350178976481,6.379470590150429,7.16952066261155,3207,4,0.5496966071275959,1253742419
402,4.127402214594532,2.5960110493273056,0.04495088153914441,0.0006465331450671828,19.776373101318427,11.730349135593661,6.3792888192530235,7.168342582236378,432449,4,0.5510640116229382,1252578610
403,4.133260488045657,2.598656224043231,0.027139264157159018,0.0006465331450671828,19.784621831337144,11.730348092210859,6.37911207215652,7.17299909137409,404507,4,0.5524314161182805,1259164260
404,4.1303314408149525,2.5997143321214486,0.03097531442921458,0.0006465331450671828,19.78167492401513,11.730348092210859,6.378948439456113,7.1715751676571236,45217,4,0.5537988206136227,1257514169
405,4.127402214594532,2.6097674474784105,0.019585805395315247,0.0006465331450671828,19.785320858303262,11.73034704882804,6.378844984624105,7.173663667860727,129410,4,0.5551662251089651,1251611296
406,4.126913992821548,2.609943835507946,0.019973400189533384,0.0006465331450671828,19.784790443483935,11.73034704882804,6.378769208996012,7.173451288513788,427705,4,0.5565336296043073,1250618282
407,4.129843248875176,2.6136481242180527,0.006373043977872638,0.0006465331450671828,19.791386981928625,11.730346005445238,6.378707322931672,7.177039503599762,637761,4,0.5579010340996496,1259346151
408,4.129355051963377,2.613824525589745,0.007048116651808741,0.0006465331450671828,19.790876248624382,11.730346005445238,6.37868274690327,7.17679060666726,219067,4,0.5592684385949919,1252643102
409,4.129355051963377,2.602402236643075,0.007048116651808741,0.0005496332395539956,19.790876248624382,11.741742528112988,6.3786623025391975,7.179222615649962,177855,4,0.5606358430903342,1250809988
410,4.129355051963377,2.5909796335139617,0.007048116651808741,0.0004538012398273106,19.790876248624382,11.753139050780737,6.378641983795682,7.181659712757327,179359,4,0.5620032475856764,1245745923
411,4.129355051963377,2.579556716189468,0.007048116651808741,0.00037026807422761476,19.790876248624382,11.764535573448487,6.378623662491958,7.184100231197434,180909,4,0.5633706520810187,1249255013
412,4.0976115840903455,2.6064571500443896,0.034090232688353005,0.00037026807422761476,19.768578103232862,11.764527226385987,6.378605760752694,7.172474168972915,115053,4,0.564738056576361,1253324689
413,4.109334696739543,2.6096332141750738,0.0026587440406949064,0.00037026807422761476,19.784611336769146,11.764526183003166,6.378522407133642,7.181207626345738,539425,4,0.5661054610717032,1245157655
414,4.109334696739543,2.5982070470614946,0.0026587440406949064,0.0002966542480918161,19.784611336769146,11.775922705670919,6.3785051974216485,7.183645182657285,180631,4,0.5674728655670456,1244477897
415,4.109334696739543,2.5867805655536866,0.0026587440406949064,0.0002249074652524938,19.784611336769146,11.787319228338665,6.378488246484498,7.186087704008214,180579,4,0.5688402700623878,1250403711
416,4.109334696739543,2.5753537696386606,0.0026587440406949064,0.00016573186836053898,19.784611336769146,11.798715751006418,6.378473338343803,7.188533602635185,179056,4,0.5702076745577301,1258403394
417,4.107381043667892,2.576323988718262,0.005036320522166802,0.00016573186836053898,19.783136793074373,11.798715577109279,6.378459909160056,7.18774113208455,419,4,0.5715750790530724,1246270154
418,4.107381043667892,2.5648967836455348,0.005036320522166802,0.00011843941077730534,19.783136793074373,11.810112099777028,6.378446913349628,7.190190527742945,180565,4,0.5729424835484147,1245689698
419,4.107381043667892,2.5534692641340695,0.005036320522166802,7.953252195439282e-05,19.783136793074373,11.821508622444778,6.378435262727539,7.192643913179655,179090,4,0.5743098880437569,1247430401
420,4.107381043667892,2.542041430170889,0.005036320522166802,4.1378184149746934e-05,19.783136793074373,11.832905145112543,6.378423685122002,7.195102412312559,179068,4,0.5756772925390993,1248573890
421,4.107381043667892,2.530613281743005,0.005036320522166802,2.7119133700701222e-05,19.783136793074373,11.844301667780293,6.378416037653572,7.197562602012972,180752,4,0.5770446970344415,1249033855
