threadId,timeElapsed_sec,replayTime_sec,blockReqCount,readBlockReqCount,writeBlockReqCount,totalBlockReqByte,readBlockReqByte,writeBlockReqByte,readMisalignByte,writeMisalignByte,readHitByte,readByteHitRate,readCacheReqCount,readCacheHitCount,readCacheHitRate,blockReqAddAttempt,blockReqAddFailure,physicalIat_avg_ns,physicalIat_p0_ns,physicalIat_p5_ns,physicalIat_p10_ns,physicalIat_p25_ns,physicalIat_p50_ns,physicalIat_p75_ns,physicalIat_p90_ns,physicalIat_p95_ns,physicalIat_p99_ns,physicalIat_p999_ns,physicalIat_p9999_ns,physicalIat_p99999_ns,physicalIat_p999999_ns,physicalIat_p100_ns,blockReadLatency_avg_ns,blockReadLatency_p0_ns,blockReadLatency_p5_ns,blockReadLatency_p10_ns,blockReadLatency_p25_ns,blockReadLatency_p50_ns,blockReadLatency_p75_ns,blockReadLatency_p90_ns,blockReadLatency_p95_ns,blockReadLatency_p99_ns,blockReadLatency_p999_ns,blockReadLatency_p9999_ns,blockReadLatency_p99999_ns,blockReadLatency_p999999_ns,blockReadLatency_p100_ns,blockWriteLatency_avg_ns,blockWriteLatency_p0_ns,blockWriteLatency_p5_ns,blockWriteLatency_p10_ns,blockWriteLatency_p25_ns,blockWriteLatency_p50_ns,blockWriteLatency_p75_ns,blockWriteLatency_p90_ns,blockWriteLatency_p95_ns,blockWriteLatency_p99_ns,blockWriteLatency_p999_ns,blockWriteLatency_p9999_ns,blockWriteLatency_p99999_ns,blockWriteLatency_p999999_ns,blockWriteLatency_p100_ns,backingReqCount,backingReqByte,readBackingReqCount,readBackingReqByte,writeBackingReqCount,writeBackingReqByte,backingReqAddAttempt,backingReqAddFailure,backingReadLatency_avg_ns,backingReadLatency_p0_ns,backingReadLatency_p5_ns,backingReadLatency_p10_ns,backingReadLatency_p25_ns,backingReadLatency_p50_ns,backingReadLatency_p75_ns,backingReadLatency_p90_ns,backingReadLatency_p95_ns,backingReadLatency_p99_ns,backingReadLatency_p999_ns,backingReadLatency_p9999_ns,backingReadLatency_p99999_ns,backingReadLatency_p999999_ns,backingReadLatency_p100_ns,backingWriteLatency_avg_ns,backingWriteLatency_p0_ns,backingWriteLatency_p5_ns,backingWriteLatency_p10_ns,backingWriteLatency_p25_ns,backingWriteLatency_p50_ns,backingWriteLatency_p75_ns,backingWriteLatency_p90_ns,backingWriteLatency_p95_ns,backingWriteLatency_p99_ns,backingWriteLatency_p999_ns,backingWriteLatency_p9999_ns,backingWriteLatency_p99999_ns,backingWriteLatency_p999999_ns,backingWriteLatency_p100_ns,backingReadSize_avg_byte,backingReadSize_p0_byte,backingReadSize_p5_byte,backingReadSize_p10_byte,backingReadSize_p25_byte,backingReadSize_p50_byte,backingReadSize_p75_byte,backingReadSize_p90_byte,backingReadSize_p95_byte,backingReadSize_p99_byte,backingReadSize_p999_byte,backingReadSize_p9999_byte,backingReadSize_p99999_byte,backingReadSize_p999999_byte,backingReadSize_p100_byte,backingWriteSize_avg_byte,backingWriteSize_p0_byte,backingWriteSize_p5_byte,backingWriteSize_p10_byte,backingWriteSize_p25_byte,backingWriteSize_p50_byte,backingWriteSize_p75_byte,backingWriteSize_p90_byte,backingWriteSize_p95_byte,backingWriteSize_p99_byte,backingWriteSize_p999_byte,backingWriteSize_p9999_byte,backingWriteSize_p99999_byte,backingWriteSize_p999999_byte,backingWriteSize_p100_byte,numItems,numNvmItems,allocAttempts,evictAttempts,allocSuccess_%,numCacheGets,numCacheGetMiss,numEvictions,ramHitRatio_%,numRamDestructorCalls,findLatency_avg_ns,findLatency_p0_ns,findLatency_p5_ns,findLatency_p10_ns,findLatency_p25_ns,findLatency_p50_ns,findLatency_p75_ns,findLatency_p90_ns,findLatency_p95_ns,findLatency_p99_ns,findLatency_p999_ns,findLatency_p9999_ns,findLatency_p99999_ns,findLatency_p999999_ns,findLatency_p100_ns,allocateLatency_avg_ns,allocateLatency_p0_ns,allocateLatency_p5_ns,allocateLatency_p10_ns,allocateLatency_p25_ns,allocateLatency_p50_ns,allocateLatency_p75_ns,allocateLatency_p90_ns,allocateLatency_p95_ns,allocateLatency_p99_ns,allocateLatency_p999_ns,allocateLatency_p9999_ns,allocateLatency_p99999_ns,allocateLatency_p999999_ns,allocateLatency_p100_ns,numNvmGets,numNvmGetCoalesced,numNvmPuts,numNvmPutErrs,numNvmAbortedPutOnTombstone,numNvmAbortedPutOnInflightGet,numNvmPutFromClean,numNvmUncleanEvict,numNvmCleanEvict,numNvmCleanDoubleEvict,numNvmDestructorCalls,numNvmItemRemovedSetSize,nvmHitRatio_%,numNvmEvictions,numNvmBytesWritten,numNvmNandBytesWritten,numNvmLogicalBytesWritten,numNvmExceededMaxRetry,numNvmDeletes,numNvmSkippedDeletes,slabsReleased,numAbortedSlabReleases,numReaperSkippedSlabs,moveAttemptsForSlabRelease,moveSuccessesForSlabRelease,evictionAttemptsForSlabRelease,evictionSuccessesForSlabRelease,numNvmRejectsByExpiry,inconsistencyCount,invalidDestructorCount,unDestructedItemCount,nvmReadLatency_avg_us,nvmReadLatency_p1_us,nvmReadLatency_p5_us,nvmReadLatency_p10_us,nvmReadLatency_p25_us,nvmReadLatency_p50_us,nvmReadLatency_p90_us,nvmReadLatency_p99_us,nvmReadLatency_p999_us,nvmReadLatency_p9999_us,nvmReadLatency_p99999_us,nvmReadLatency_p999999_us,nvmReadLatency_p100_us,nvmWriteLatency_avg_us,nvmWriteLatency_p1_us,nvmWriteLatency_p5_us,nvmWriteLatency_p10_us,nvmWriteLatency_p25_us,nvmWriteLatency_p50_us,nvmWriteLatency_p90_us,nvmWriteLatency_p99_us,nvmWriteLatency_p999_us,nvmWriteLatency_p9999_us,nvmWriteLatency_p99999_us,nvmWriteLatency_p999999_us,nvmWriteLatency_p100_us,queueSize_avg_,queueSize_p0_,queueSize_p5_,queueSize_p10_,queueSize_p25_,queueSize_p50_,queueSize_p75_,queueSize_p90_,queueSize_p95_,queueSize_p99_,queueSize_p999_,queueSize_p9999_,queueSize_p99999_,queueSize_p999999_,queueSize_p100_,pendingBlockReqCount_avg_,pendingBlockReqCount_p0_,pendingBlockReqCount_p5_,pendingBlockReqCount_p10_,pendingBlockReqCount_p25_,pendingBlockReqCount_p50_,pendingBlockReqCount_p75_,pendingBlockReqCount_p90_,pendingBlockReqCount_p95_,pendingBlockReqCount_p99_,pendingBlockReqCount_p999_,pendingBlockReqCount_p9999_,pendingBlockReqCount_p99999_,pendingBlockReqCount_p999999_,pendingBlockReqCount_p100_,workload,rate,seed,bits,machine,t1,t2,it
0.0,16542.798982589,16541.715982414,1958691.0,1159067.0,799624.0,12840231936.0,7562293760.0,5277938176.0,1002036736.0,659275264.0,1358790656.0,16.52715,2408276.0,395594.0,16.42644,32458758.0,30500067.0,166816853.0,640.0,19923.0,26081.0,153323.0,665561.0,2222156.0,7295184.0,13308698.0,32230385.0,100562864.0,259726505208.0,259726505208.0,259726505208.0,259726505208.0,30598098.0,20077.0,34192.0,2089683.0,5604390.0,13613951.0,35062478.0,77306256.0,114151217.0,246303764.0,407889924.0,423710304.0,423710304.0,423710304.0,423710304.0,9520228.0,246748.0,257357.0,265052.0,307347.0,574898.0,1241292.0,12120235.0,36352296.0,264870430.0,298762009.0,298762009.0,298762009.0,298762009.0,298762009.0,2048926.0,12881237504.0,1249302.0,7603299328.0,799624.0,5277938176.0,2048926.0,0.0,33530378.0,187933.0,2785175.0,3880442.0,6780353.0,16572821.0,38137534.0,82526697.0,120206754.0,251820414.0,409223081.0,423562090.0,423562090.0,423562090.0,423562090.0,2838811.0,210926.0,220602.0,228436.0,260090.0,449586.0,1058032.0,2879160.0,18384893.0,75444103.0,88782606.0,88782606.0,88782606.0,88782606.0,88782606.0,7108.0,512.0,4096.0,4096.0,4096.0,8192.0,8192.0,8192.0,8192.0,9090.0,16384.0,16384.0,16384.0,16384.0,16384.0,8154.0,3584.0,4505.0,7782.0,8192.0,8192.0,8192.0,8192.0,8192.0,16384.0,16384.0,16384.0,16384.0,16384.0,16384.0,100104.0,0.0,218771.0,0.0,100.0,2408276.0,2012682.0,0.0,1.0,0.0,4573.0,1069.0,1363.0,1554.0,2533.0,4464.0,5921.0,6802.0,8865.0,13136.0,28831.0,35849.0,35849.0,35849.0,35849.0,68638.0,3687.0,63521.0,64030.0,66674.0,69608.0,73540.0,76302.0,78172.0,84147.0,276077.0,578188.0,578188.0,578188.0,578188.0,0.0,0.0,0.0,0.0,0.0,0.0,0.0,0.0,0.0,0.0,0.0,0.0,0.0,0.0,0.0,0.0,0.0,0.0,0.0,0.0,0.0,0.0,0.0,0.0,0.0,0.0,0.0,0.0,0.0,0.0,0.0,0.0,0.0,0.0,0.0,0.0,0.0,0.0,0.0,0.0,0.0,0.0,0.0,0.0,0.0,0.0,0.0,0.0,0.0,0.0,0.0,0.0,0.0,0.0,0.0,0.0,0.0,1.0,1.0,1.0,1.0,1.0,1.0,1.0,1.0,1.0,1.0,2.0,2.0,2.0,2.0,2.0,19.0,0.0,1.0,2.0,7.0,16.0,26.0,45.0,53.0,58.0,61.0,61.0,61.0,61.0,61.0,w13,1,42,4,c220g5,1100,0,1
0.0,16532.717981004,16518.20775769,1958691.0,1159067.0,799624.0,12840231936.0,7562293760.0,5277938176.0,1002036736.0,659275264.0,1358799872.0,16.52726,2408276.0,395593.0,16.4264,29188784.0,27230093.0,166818787.0,684.0,22178.0,31592.0,151126.0,675123.0,2215817.0,7193511.0,13239851.0,32230209.0,100564360.0,259726608912.0,259726608912.0,259726608912.0,259726608912.0,34390845.0,23398.0,42770.0,2067823.0,5620838.0,15068375.0,39441687.0,86595945.0,130743162.0,324574423.0,519695521.0,588763642.0,588763642.0,588763642.0,588763642.0,16439958.0,275934.0,291269.0,300471.0,356753.0,678601.0,1730418.0,95585795.0,98683947.0,99676321.0,99785316.0,99785316.0,99785316.0,99785316.0,99785316.0,2048932.0,12881225216.0,1249308.0,7603287040.0,799624.0,5277938176.0,2048932.0,0.0,37465529.0,210155.0,2782397.0,3868250.0,6911884.0,17874210.0,43321866.0,90861790.0,136392833.0,341411471.0,525946377.0,588719417.0,588719417.0,588719417.0,588719417.0,12479358.0,211190.0,238057.0,244612.0,281625.0,494292.0,1340432.0,95488681.0,98612802.0,99606932.0,99720082.0,99720082.0,99720082.0,99720082.0,99720082.0,7108.0,512.0,4096.0,4096.0,4096.0,8192.0,8192.0,8192.0,8192.0,8992.0,16384.0,16384.0,16384.0,16384.0,16384.0,8154.0,3584.0,4505.0,7782.0,8192.0,8192.0,8192.0,8192.0,8192.0,16384.0,16384.0,16384.0,16384.0,16384.0,16384.0,100104.0,0.0,218771.0,0.0,100.0,2408276.0,2012684.0,0.0,1.0,0.0,14184.0,4308.0,7410.0,8204.0,10000.0,12525.0,15669.0,19212.0,21764.0,41458.0,228807.0,411353.0,411353.0,411353.0,411353.0,72020.0,4555.0,63455.0,64332.0,66323.0,71306.0,75944.0,85899.0,90693.0,114645.0,360356.0,696140.0,696140.0,696140.0,696140.0,2012684.0,0.0,0.0,0.0,0.0,0.0,0.0,0.0,0.0,0.0,0.0,0.0,1.0,0.0,0.0,0.0,0.0,0.0,1549611.0,1549611.0,0.0,0.0,0.0,0.0,0.0,0.0,0.0,0.0,0.0,0.0,0.0,0.0,0.0,0.0,0.0,0.0,0.0,0.0,0.0,0.0,0.0,0.0,0.0,0.0,0.0,0.0,0.0,0.0,0.0,0.0,0.0,0.0,0.0,0.0,0.0,0.0,0.0,1.0,1.0,1.0,1.0,1.0,1.0,1.0,1.0,1.0,1.0,2.0,2.0,2.0,2.0,2.0,21.0,1.0,1.0,2.0,6.0,17.0,31.0,44.0,60.0,67.0,71.0,73.0,73.0,73.0,73.0,w13,1,42,4,c220g5,1100,4200,2
0.0,16602.894022717,16601.591820233,1958691.0,1159067.0,799624.0,12840231936.0,7562293760.0,5277938176.0,1002036736.0,659275264.0,1358722048.0,16.52631,2408276.0,395529.0,16.42374,40340492.0,38381801.0,166816929.0,635.0,20213.0,27020.0,147131.0,667827.0,2226994.0,7273189.0,13534783.0,32230925.0,100563312.0,259726508234.0,259726508234.0,259726508234.0,259726508234.0,36426880.0,22060.0,40782.0,1112066.0,5438036.0,13807083.0,40003901.0,96899190.0,163457850.0,294463872.0,428106802.0,437055715.0,437055715.0,437055715.0,437055715.0,3360968.0,185980.0,194016.0,200726.0,249169.0,652508.0,1474256.0,2338243.0,3221228.0,84896900.0,84937835.0,84937835.0,84937835.0,84937835.0,84937835.0,2048968.0,12881477632.0,1249344.0,7603539456.0,799624.0,5277938176.0,2048968.0,0.0,39619537.0,190298.0,2592194.0,3642958.0,6824043.0,16185742.0,44238887.0,102397719.0,173426104.0,300775391.0,428962518.0,437041651.0,437041651.0,437041651.0,437041651.0,3223070.0,145813.0,150950.0,159674.0,184694.0,542363.0,1170547.0,1843680.0,2814726.0,84860939.0,84905160.0,84905160.0,84905160.0,84905160.0,84905160.0,7108.0,512.0,4096.0,4096.0,4096.0,8192.0,8192.0,8192.0,8192.0,9168.0,16384.0,16384.0,16384.0,16384.0,16384.0,8154.0,3584.0,4505.0,7782.0,8192.0,8192.0,8192.0,8192.0,8192.0,16384.0,16384.0,16384.0,16384.0,16384.0,16384.0,100104.0,0.0,218808.0,0.0,100.0,2408276.0,2012747.0,0.0,1.0,0.0,5454.0,1126.0,1399.0,2070.0,3168.0,4763.0,6275.0,7932.0,13854.0,22101.0,60091.0,72294.0,72294.0,72294.0,72294.0,68788.0,3664.0,63775.0,64148.0,66108.0,68587.0,72676.0,75581.0,79886.0,118710.0,404943.0,617939.0,617939.0,617939.0,617939.0,0.0,0.0,0.0,0.0,0.0,0.0,0.0,0.0,0.0,0.0,0.0,0.0,0.0,0.0,0.0,0.0,0.0,0.0,0.0,0.0,0.0,0.0,0.0,0.0,0.0,0.0,0.0,0.0,0.0,0.0,0.0,0.0,0.0,0.0,0.0,0.0,0.0,0.0,0.0,0.0,0.0,0.0,0.0,0.0,0.0,0.0,0.0,0.0,0.0,0.0,0.0,0.0,0.0,0.0,0.0,0.0,0.0,1.0,1.0,1.0,1.0,1.0,1.0,1.0,1.0,1.0,1.0,2.0,2.0,2.0,2.0,2.0,23.0,0.0,1.0,1.0,6.0,19.0,39.0,53.0,59.0,66.0,70.0,72.0,72.0,72.0,72.0,w13,1,42,4,c220g5,1100,0,0
0.0,16561.846170869,16535.246174855,1958691.0,1159067.0,799624.0,12840231936.0,7562293760.0,5277938176.0,1002036736.0,659275264.0,1358802432.0,16.52729,2408276.0,395558.0,16.42494,35718396.0,33759705.0,166824856.0,615.0,21611.0,30694.0,150150.0,666043.0,2241851.0,7228249.0,13554874.0,32234067.0,100562408.0,259726526553.0,259726526553.0,259726526553.0,259726526553.0,35526554.0,19113.0,38288.0,1377592.0,5535616.0,12331541.0,37461926.0,92806122.0,144620073.0,289612401.0,568235361.0,626491505.0,626491505.0,626491505.0,626491505.0,10613835.0,203152.0,232006.0,251972.0,305353.0,595114.0,1301193.0,1774802.0,54185119.0,216676377.0,216713100.0,216713100.0,216713100.0,216713100.0,216713100.0,2048936.0,12881393664.0,1249312.0,7603455488.0,799624.0,5277938176.0,2048936.0,0.0,38977428.0,172549.0,2391820.0,3565645.0,6652323.0,15178600.0,42239282.0,100529737.0,157434801.0,294095485.0,571569610.0,626459212.0,626459212.0,626459212.0,626459212.0,6884340.0,150572.0,171854.0,186950.0,223007.0,435941.0,1097833.0,1432084.0,1706716.0,216609889.0,216648217.0,216648217.0,216648217.0,216648217.0,216648217.0,7108.0,512.0,4096.0,4096.0,4096.0,8192.0,8192.0,8192.0,8192.0,8994.0,16384.0,16384.0,16384.0,16384.0,16384.0,8154.0,3584.0,4505.0,7782.0,8192.0,8192.0,8192.0,8192.0,8192.0,16384.0,16384.0,16384.0,16384.0,16384.0,16384.0,100104.0,0.0,218779.0,0.0,100.0,2408276.0,2012719.0,0.0,1.0,0.0,11654.0,3279.0,5153.0,5519.0,7435.0,9440.0,11919.0,18566.0,22971.0,45549.0,354440.0,451663.0,451663.0,451663.0,451663.0,69825.0,4547.0,64251.0,66181.0,67108.0,71191.0,74561.0,78322.0,79972.0,85206.0,287179.0,592904.0,592904.0,592904.0,592904.0,2012719.0,0.0,0.0,0.0,0.0,0.0,0.0,0.0,0.0,0.0,0.0,0.0,1.0,0.0,0.0,0.0,0.0,0.0,1549615.0,1549615.0,0.0,0.0,0.0,0.0,0.0,0.0,0.0,0.0,0.0,0.0,0.0,0.0,0.0,0.0,0.0,0.0,0.0,0.0,0.0,0.0,0.0,0.0,0.0,0.0,0.0,0.0,0.0,0.0,0.0,0.0,0.0,0.0,0.0,0.0,0.0,0.0,0.0,1.0,1.0,1.0,1.0,1.0,1.0,1.0,1.0,1.0,1.0,2.0,2.0,2.0,2.0,2.0,22.0,1.0,1.0,1.0,6.0,19.0,36.0,49.0,60.0,64.0,68.0,69.0,69.0,69.0,69.0,w13,1,42,4,c220g5,1100,4200,1
0.0,16587.96374487,16569.265546892,1958691.0,1159067.0,799624.0,12840231936.0,7562293760.0,5277938176.0,1002036736.0,659275264.0,1358801920.0,16.52728,2408276.0,395571.0,16.42548,102483343.0,100524652.0,166817441.0,572.0,20286.0,27868.0,149200.0,664180.0,2216918.0,7311510.0,13280598.0,32230155.0,100562183.0,259726503071.0,259726503071.0,259726503071.0,259726503071.0,40910039.0,20126.0,41089.0,1792952.0,5623144.0,15534135.0,46565553.0,103026527.0,166879580.0,366449052.0,787940366.0,803638430.0,803638430.0,803638430.0,803638430.0,2067099.0,206816.0,233295.0,239990.0,269907.0,497819.0,1381321.0,7192011.0,10848535.0,14935229.0,15664882.0,15664882.0,15664882.0,15664882.0,15664882.0,2048938.0,12881337344.0,1249314.0,7603399168.0,799624.0,5277938176.0,2048938.0,0.0,44379014.0,137666.0,2483305.0,3722735.0,6877334.0,18068624.0,51669966.0,110868182.0,173496119.0,377478365.0,801570855.0,803602119.0,803602119.0,803602119.0,803602119.0,1433363.0,153286.0,168224.0,179451.0,192579.0,354005.0,846826.0,5598705.0,8658916.0,11567615.0,11764653.0,11764653.0,11764653.0,11764653.0,11764653.0,7108.0,512.0,4096.0,4096.0,4096.0,8192.0,8192.0,8192.0,8192.0,9101.0,16384.0,16384.0,16384.0,16384.0,16384.0,8154.0,3584.0,4505.0,7782.0,8192.0,8192.0,8192.0,8192.0,8192.0,16384.0,16384.0,16384.0,16384.0,16384.0,16384.0,100104.0,0.0,218791.0,0.0,100.0,2408276.0,2012707.0,0.0,1.0,0.0,11745.0,2675.0,4887.0,6213.0,7739.0,11415.0,14117.0,16634.0,18121.0,21989.0,176922.0,344205.0,344205.0,344205.0,344205.0,60256.0,5542.0,54160.0,55055.0,55663.0,62300.0,65221.0,67134.0,68771.0,77873.0,156508.0,1850059.0,1850059.0,1850059.0,1850059.0,2012707.0,0.0,0.0,0.0,0.0,0.0,0.0,0.0,0.0,0.0,0.0,0.0,1.0,0.0,0.0,0.0,0.0,0.0,1549615.0,1549615.0,0.0,0.0,0.0,0.0,0.0,0.0,0.0,0.0,0.0,0.0,0.0,0.0,0.0,0.0,0.0,0.0,0.0,0.0,0.0,0.0,0.0,0.0,0.0,0.0,0.0,0.0,0.0,0.0,0.0,0.0,0.0,0.0,0.0,0.0,0.0,0.0,0.0,1.0,1.0,1.0,1.0,1.0,1.0,1.0,1.0,1.0,1.0,2.0,2.0,2.0,2.0,2.0,25.0,1.0,1.0,1.0,5.0,21.0,37.0,54.0,72.0,82.0,85.0,87.0,87.0,87.0,87.0,w13,1,42,4,c220g1,1100,4200,0
0.0,16539.247068668,16529.574226118,1958691.0,1159067.0,799624.0,12840231936.0,7562293760.0,5277938176.0,1002036736.0,659275264.0,1358868480.0,16.52809,2408276.0,395638.0,16.42827,86889349.0,84930658.0,166816646.0,581.0,20896.0,26873.0,151177.0,668423.0,2223902.0,7245521.0,13322407.0,32229125.0,100562491.0,259726520166.0,259726520166.0,259726520166.0,259726520166.0,28904586.0,24459.0,41241.0,1701144.0,4738744.0,11114965.0,31283844.0,71751436.0,119499752.0,269606456.0,411518109.0,422304215.0,422304215.0,422304215.0,422304215.0,1320945.0,181356.0,185817.0,188416.0,207287.0,400500.0,946600.0,1593115.0,9864030.0,12151188.0,12282975.0,12282975.0,12282975.0,12282975.0,12282975.0,2048917.0,12881026560.0,1249293.0,7603088384.0,799624.0,5277938176.0,2048917.0,0.0,31370165.0,151859.0,2461963.0,3284566.0,5764068.0,12876276.0,34305369.0,75497455.0,126481790.0,278420808.0,412383233.0,422284353.0,422284353.0,422284353.0,422284353.0,740824.0,126789.0,132494.0,138538.0,156645.0,324366.0,784039.0,1083405.0,1500515.0,9715123.0,9812274.0,9812274.0,9812274.0,9812274.0,9812274.0,7108.0,512.0,4096.0,4096.0,4096.0,8192.0,8192.0,8192.0,8192.0,8984.0,16384.0,16384.0,16384.0,16384.0,16384.0,8154.0,3584.0,4505.0,7782.0,8192.0,8192.0,8192.0,8192.0,8192.0,16384.0,16384.0,16384.0,16384.0,16384.0,16384.0,100104.0,0.0,218738.0,0.0,100.0,2408276.0,2012638.0,0.0,1.0,0.0,5103.0,1162.0,1374.0,1560.0,3310.0,4658.0,6410.0,7736.0,9556.0,16174.0,26057.0,30152.0,30152.0,30152.0,30152.0,58409.0,3793.0,52110.0,53357.0,54169.0,60378.0,63853.0,66900.0,68699.0,75126.0,200451.0,512242.0,512242.0,512242.0,512242.0,0.0,0.0,0.0,0.0,0.0,0.0,0.0,0.0,0.0,0.0,0.0,0.0,0.0,0.0,0.0,0.0,0.0,0.0,0.0,0.0,0.0,0.0,0.0,0.0,0.0,0.0,0.0,0.0,0.0,0.0,0.0,0.0,0.0,0.0,0.0,0.0,0.0,0.0,0.0,0.0,0.0,0.0,0.0,0.0,0.0,0.0,0.0,0.0,0.0,0.0,0.0,0.0,0.0,0.0,0.0,0.0,0.0,1.0,1.0,1.0,1.0,1.0,1.0,1.0,1.0,1.0,1.0,2.0,2.0,2.0,2.0,2.0,19.0,0.0,1.0,1.0,5.0,15.0,30.0,42.0,49.0,53.0,55.0,56.0,56.0,56.0,56.0,w13,1,42,4,c220g1,1100,0,0
0.0,16558.487264988,16534.905009877,1958691.0,1159067.0,799624.0,12840231936.0,7562293760.0,5277938176.0,1002036736.0,659275264.0,1358886400.0,16.52831,2408276.0,395649.0,16.42872,83285958.0,81327267.0,166818055.0,532.0,21229.0,29567.0,149439.0,670107.0,2234609.0,7237462.0,13337502.0,32183660.0,100562466.0,259726556060.0,259726556060.0,259726556060.0,259726556060.0,29281811.0,24524.0,46237.0,1637376.0,4624131.0,11277707.0,30270048.0,72841110.0,120102546.0,282731975.0,528051547.0,571757116.0,571757116.0,571757116.0,571757116.0,1990801.0,225678.0,233099.0,245205.0,272174.0,551359.0,1174608.0,8275478.0,9800845.0,11187436.0,11253798.0,11253798.0,11253798.0,11253798.0,11253798.0,2048886.0,12881031680.0,1249262.0,7603093504.0,799624.0,5277938176.0,2048886.0,0.0,31754728.0,176068.0,2174117.0,3206924.0,5858842.0,13286715.0,33017487.0,77600382.0,126416551.0,293560583.0,534225917.0,571693060.0,571693060.0,571693060.0,571693060.0,1483582.0,155680.0,168388.0,171524.0,196455.0,411134.0,843205.0,7175486.0,8933471.0,9785198.0,9812170.0,9812170.0,9812170.0,9812170.0,9812170.0,7108.0,512.0,4096.0,4096.0,4096.0,8192.0,8192.0,8192.0,8192.0,8970.0,16384.0,16384.0,16384.0,16384.0,16384.0,8154.0,3584.0,4505.0,7782.0,8192.0,8192.0,8192.0,8192.0,8192.0,16384.0,16384.0,16384.0,16384.0,16384.0,16384.0,100104.0,0.0,218731.0,0.0,100.0,2408276.0,2012630.0,0.0,1.0,0.0,13071.0,4541.0,6293.0,6946.0,8699.0,12899.0,15326.0,18292.0,20796.0,27405.0,208553.0,399341.0,399341.0,399341.0,399341.0,59185.0,5364.0,52498.0,53629.0,54355.0,60474.0,63796.0,66884.0,70114.0,84741.0,286246.0,612457.0,612457.0,612457.0,612457.0,2012630.0,0.0,0.0,0.0,0.0,0.0,0.0,0.0,0.0,0.0,0.0,0.0,1.0,0.0,0.0,0.0,0.0,0.0,1549615.0,1549615.0,0.0,0.0,0.0,0.0,0.0,0.0,0.0,0.0,0.0,0.0,0.0,0.0,0.0,0.0,0.0,0.0,0.0,0.0,0.0,0.0,0.0,0.0,0.0,0.0,0.0,0.0,0.0,0.0,0.0,0.0,0.0,0.0,0.0,0.0,0.0,0.0,0.0,1.0,1.0,1.0,1.0,1.0,1.0,1.0,1.0,1.0,1.0,2.0,2.0,2.0,2.0,2.0,19.0,1.0,1.0,1.0,4.0,14.0,32.0,44.0,48.0,56.0,62.0,63.0,63.0,63.0,63.0,w13,1,42,4,c220g1,1100,4200,1
0.0,16569.332521373,16554.303177365,1958691.0,1159067.0,799624.0,12840231936.0,7562293760.0,5277938176.0,1002036736.0,659275264.0,1358844928.0,16.52781,2408276.0,395626.0,16.42777,74869180.0,72910489.0,166815897.0,519.0,19838.0,24840.0,144372.0,667353.0,2246287.0,7250374.0,13302573.0,32228178.0,100563829.0,259726565353.0,259726565353.0,259726565353.0,259726565353.0,28288223.0,25608.0,41118.0,1665869.0,4754592.0,11246070.0,28400862.0,66404275.0,122699517.0,243748078.0,475910175.0,477887799.0,477887799.0,477887799.0,477887799.0,1147249.0,177622.0,195225.0,201253.0,235041.0,359143.0,1032577.0,1688961.0,4450382.0,13050578.0,13290137.0,13290137.0,13290137.0,13290137.0,13290137.0,2048920.0,12881078272.0,1249296.0,7603140096.0,799624.0,5277938176.0,2048920.0,0.0,30690350.0,107999.0,2539140.0,3326992.0,5877658.0,12623425.0,31243313.0,71329874.0,131648121.0,255869335.0,477846756.0,477846756.0,477846756.0,477846756.0,477846756.0,633675.0,120157.0,139751.0,146441.0,180695.0,282349.0,888026.0,1606478.0,1646587.0,4117431.0,4152624.0,4152624.0,4152624.0,4152624.0,4152624.0,7108.0,512.0,4096.0,4096.0,4096.0,8192.0,8192.0,8192.0,8192.0,8994.0,16384.0,16384.0,16384.0,16384.0,16384.0,8154.0,3584.0,4505.0,7782.0,8192.0,8192.0,8192.0,8192.0,8192.0,16384.0,16384.0,16384.0,16384.0,16384.0,16384.0,100104.0,0.0,218746.0,0.0,100.0,2408276.0,2012650.0,0.0,1.0,0.0,5126.0,1168.0,1354.0,1481.0,3277.0,4565.0,6467.0,7712.0,10189.0,16916.0,27265.0,32124.0,32124.0,32124.0,32124.0,60029.0,3971.0,51935.0,52572.0,55844.0,61023.0,65840.0,69394.0,71283.0,79543.0,263335.0,397245.0,397245.0,397245.0,397245.0,0.0,0.0,0.0,0.0,0.0,0.0,0.0,0.0,0.0,0.0,0.0,0.0,0.0,0.0,0.0,0.0,0.0,0.0,0.0,0.0,0.0,0.0,0.0,0.0,0.0,0.0,0.0,0.0,0.0,0.0,0.0,0.0,0.0,0.0,0.0,0.0,0.0,0.0,0.0,0.0,0.0,0.0,0.0,0.0,0.0,0.0,0.0,0.0,0.0,0.0,0.0,0.0,0.0,0.0,0.0,0.0,0.0,1.0,1.0,1.0,1.0,1.0,1.0,1.0,1.0,1.0,1.0,2.0,2.0,2.0,2.0,2.0,18.0,0.0,1.0,1.0,4.0,15.0,27.0,44.0,51.0,56.0,60.0,60.0,60.0,60.0,60.0,w13,1,42,4,c220g1,1100,0,2
0.0,16569.304332039,16566.608645433,1958691.0,1159067.0,799624.0,12840231936.0,7562293760.0,5277938176.0,1002036736.0,659275264.0,1358786560.0,16.5271,2408276.0,395561.0,16.42507,106042056.0,104083365.0,166816287.0,523.0,20549.0,25492.0,145507.0,668581.0,2214407.0,7265576.0,13378865.0,32229173.0,100562273.0,259726515939.0,259726515939.0,259726515939.0,259726515939.0,33040471.0,22850.0,39901.0,1730341.0,4975306.0,13219309.0,35226799.0,82448204.0,133115374.0,333916243.0,519059277.0,525900610.0,525900610.0,525900610.0,525900610.0,4728609.0,179718.0,189608.0,199082.0,226979.0,381850.0,777072.0,1377192.0,7600787.0,165800582.0,184933940.0,184933940.0,184933940.0,184933940.0,184933940.0,2048958.0,12881337344.0,1249334.0,7603399168.0,799624.0,5277938176.0,2048958.0,0.0,36030152.0,177489.0,2453169.0,3330556.0,6132268.0,15831112.0,39561286.0,88357399.0,137398095.0,344562600.0,520853708.0,525865701.0,525865701.0,525865701.0,525865701.0,461502.0,132373.0,139894.0,150513.0,165775.0,332462.0,560080.0,1032400.0,1205928.0,1794347.0,1907447.0,1907447.0,1907447.0,1907447.0,1907447.0,7108.0,512.0,4096.0,4096.0,4096.0,8192.0,8192.0,8192.0,8192.0,9055.0,16384.0,16384.0,16384.0,16384.0,16384.0,8154.0,3584.0,4505.0,7782.0,8192.0,8192.0,8192.0,8192.0,8192.0,16384.0,16384.0,16384.0,16384.0,16384.0,16384.0,100104.0,0.0,218784.0,0.0,100.0,2408276.0,2012715.0,0.0,1.0,0.0,5079.0,1113.0,1358.0,2012.0,3285.0,4645.0,6438.0,7829.0,9975.0,15752.0,21048.0,29272.0,29272.0,29272.0,29272.0,58706.0,3868.0,51837.0,52934.0,54094.0,60082.0,63944.0,67671.0,69812.0,77075.0,104853.0,924922.0,924922.0,924922.0,924922.0,0.0,0.0,0.0,0.0,0.0,0.0,0.0,0.0,0.0,0.0,0.0,0.0,0.0,0.0,0.0,0.0,0.0,0.0,0.0,0.0,0.0,0.0,0.0,0.0,0.0,0.0,0.0,0.0,0.0,0.0,0.0,0.0,0.0,0.0,0.0,0.0,0.0,0.0,0.0,0.0,0.0,0.0,0.0,0.0,0.0,0.0,0.0,0.0,0.0,0.0,0.0,0.0,0.0,0.0,0.0,0.0,0.0,1.0,1.0,1.0,1.0,1.0,1.0,1.0,1.0,1.0,1.0,2.0,2.0,2.0,2.0,2.0,21.0,0.0,1.0,2.0,5.0,17.0,32.0,48.0,55.0,61.0,64.0,65.0,65.0,65.0,65.0,w13,1,42,4,c220g1,1100,0,1
0.0,16588.136524607,16569.543329676,1958691.0,1159067.0,799624.0,12840231936.0,7562293760.0,5277938176.0,1002036736.0,659275264.0,1358739456.0,16.52652,2408276.0,395506.0,16.42279,100762669.0,98803978.0,166817534.0,658.0,21564.0,29707.0,151079.0,672984.0,2226960.0,7284107.0,13301268.0,32229592.0,100562229.0,259726511311.0,259726511311.0,259726511311.0,259726511311.0,29333505.0,24397.0,41107.0,1771703.0,5004184.0,12219046.0,31714714.0,68786983.0,111619090.0,273999067.0,605214362.0,630106506.0,630106506.0,630106506.0,630106506.0,11051872.0,226992.0,230782.0,248331.0,270690.0,423417.0,1319590.0,1908588.0,11156651.0,464083983.0,540151810.0,540151810.0,540151810.0,540151810.0,540151810.0,2048969.0,12881615872.0,1249345.0,7603677696.0,799624.0,5277938176.0,2048969.0,0.0,32299453.0,155053.0,2466779.0,3307702.0,6087526.0,14013684.0,35348801.0,72351944.0,119911118.0,307120036.0,607695460.0,630066969.0,630066969.0,630066969.0,630066969.0,618862.0,166620.0,169962.0,185421.0,206122.0,348476.0,814879.0,1531614.0,1802025.0,2144531.0,2194914.0,2194914.0,2194914.0,2194914.0,2194914.0,7108.0,512.0,4096.0,4096.0,4096.0,8192.0,8192.0,8192.0,8192.0,9210.0,16384.0,16384.0,16384.0,16384.0,16384.0,8154.0,3584.0,4505.0,7782.0,8192.0,8192.0,8192.0,8192.0,8192.0,16384.0,16384.0,16384.0,16384.0,16384.0,16384.0,100104.0,0.0,218831.0,0.0,100.0,2408276.0,2012771.0,0.0,1.0,0.0,11130.0,2684.0,4961.0,5160.0,7153.0,11048.0,13325.0,15011.0,17731.0,22305.0,200216.0,342515.0,342515.0,342515.0,342515.0,59720.0,5810.0,54283.0,54825.0,55437.0,62159.0,65273.0,67609.0,70608.0,77179.0,166828.0,382035.0,382035.0,382035.0,382035.0,2012771.0,0.0,0.0,0.0,0.0,0.0,0.0,0.0,0.0,0.0,0.0,0.0,1.0,0.0,0.0,0.0,0.0,0.0,1549616.0,1549616.0,0.0,0.0,0.0,0.0,0.0,0.0,0.0,0.0,0.0,0.0,0.0,0.0,0.0,0.0,0.0,0.0,0.0,0.0,0.0,0.0,0.0,0.0,0.0,0.0,0.0,0.0,0.0,0.0,0.0,0.0,0.0,0.0,0.0,0.0,0.0,0.0,0.0,1.0,1.0,1.0,1.0,1.0,1.0,1.0,1.0,1.0,1.0,2.0,2.0,2.0,2.0,2.0,19.0,0.0,1.0,1.0,5.0,15.0,29.0,42.0,51.0,56.0,58.0,59.0,59.0,59.0,59.0,w13,1,42,4,c220g1,1100,4200,2
0.0,47129.64154029,47123.684836169,6546750.0,3871846.0,2674904.0,12732315136.0,7509632512.0,5222682624.0,8425183744.0,5786755072.0,1310343168.0,9.85488,6566179.0,704438.0,10.72828,1205616055.0,1199069305.0,232810898.0,521.0,734.0,14468.0,42818.0,399585.0,1937236.0,7960971.0,14229231.0,34083802.0,118933031762.0,221808836525.0,221808836525.0,221808836525.0,221808836525.0,20271958.0,23215.0,35754.0,44361.0,3571845.0,8764596.0,22135070.0,45585609.0,80427966.0,206157567.0,282721929.0,289301442.0,289301442.0,289301442.0,289301442.0,23641744.0,1929953.0,3013302.0,3651122.0,5489264.0,10693931.0,31785953.0,73112745.0,85920123.0,97381306.0,97493669.0,97493669.0,97493669.0,97493669.0,97493669.0,8670330.0,24058889728.0,5995426.0,18836207104.0,2674904.0,5222682624.0,8670330.0,0.0,23087052.0,73160.0,2126797.0,2828840.0,5382213.0,10939476.0,24522725.0,52393002.0,92097411.0,210125890.0,283349333.0,289260361.0,289260361.0,289260361.0,289260361.0,2916872.0,170262.0,327447.0,480792.0,1156373.0,2238436.0,3975657.0,6629083.0,8088286.0,8751531.0,8853963.0,8853963.0,8853963.0,8853963.0,8853963.0,3940.0,512.0,2048.0,4096.0,4096.0,4096.0,4096.0,4096.0,4096.0,4174.0,8192.0,8192.0,8192.0,8192.0,8192.0,2018.0,512.0,1536.0,2048.0,2048.0,2048.0,2048.0,2048.0,2048.0,3686.0,4096.0,4096.0,4096.0,4096.0,4096.0,199360.0,0.0,400834.0,0.0,100.0,6715633.0,6011195.0,0.0,1.0,0.0,7953.0,1124.0,2253.0,3581.0,5883.0,7110.0,7982.0,16283.0,18768.0,22476.0,40982.0,44892.0,44892.0,44892.0,44892.0,63229.0,6988.0,8884.0,60041.0,62057.0,65009.0,68219.0,71150.0,74684.0,134193.0,378669.0,431489.0,431489.0,431489.0,431489.0,0.0,0.0,0.0,0.0,0.0,0.0,0.0,0.0,0.0,0.0,0.0,0.0,0.0,0.0,0.0,0.0,0.0,0.0,0.0,0.0,0.0,0.0,0.0,0.0,0.0,0.0,0.0,0.0,0.0,0.0,0.0,0.0,0.0,0.0,0.0,0.0,0.0,0.0,0.0,0.0,0.0,0.0,0.0,0.0,0.0,0.0,0.0,0.0,0.0,0.0,0.0,0.0,0.0,0.0,0.0,0.0,0.0,1.0,1.0,1.0,1.0,1.0,1.0,1.0,1.0,2.0,2.0,3.0,3.0,3.0,3.0,3.0,13.0,0.0,1.0,2.0,4.0,9.0,19.0,36.0,42.0,46.0,49.0,49.0,49.0,49.0,49.0,w13,1,42,2,c220g1,1100,0,0
0.0,47092.790073139,47088.368950198,6546750.0,3871846.0,2674904.0,12732315136.0,7509632512.0,5222682624.0,8425183744.0,5786755072.0,1310480896.0,9.85592,6566179.0,704588.0,10.73056,1027740207.0,1021193457.0,232810911.0,495.0,712.0,16876.0,46310.0,384700.0,1944070.0,7936959.0,14274652.0,34115866.0,118933030994.0,221808835942.0,221808835942.0,221808835942.0,221808835942.0,16162534.0,19980.0,33527.0,51998.0,3470137.0,7412783.0,17888437.0,38656496.0,59429743.0,134858084.0,263666236.0,269747450.0,269747450.0,269747450.0,269747450.0,36813099.0,2818889.0,3838664.0,4361611.0,9454198.0,29418162.0,54450613.0,79858062.0,112024197.0,155655270.0,164306354.0,164306354.0,164306354.0,164306354.0,164306354.0,8670181.0,24058291200.0,5995277.0,18835608576.0,2674904.0,5222682624.0,8670181.0,0.0,19870160.0,74665.0,2146505.0,2900492.0,4995539.0,9606954.0,22657983.0,49141294.0,66572622.0,156633203.0,264246263.0,269710474.0,269710474.0,269710474.0,269710474.0,3070172.0,130766.0,172841.0,192657.0,802780.0,1730384.0,4618198.0,8658437.0,9809886.0,11232925.0,11454800.0,11454800.0,11454800.0,11454800.0,11454800.0,3940.0,512.0,2048.0,4096.0,4096.0,4096.0,4096.0,4096.0,4096.0,4452.0,8192.0,8192.0,8192.0,8192.0,8192.0,2018.0,512.0,1536.0,2048.0,2048.0,2048.0,2048.0,2048.0,2048.0,3686.0,4096.0,4096.0,4096.0,4096.0,4096.0,199360.0,0.0,400692.0,0.0,100.0,6715633.0,6011049.0,0.0,1.0,0.0,20113.0,4324.0,10707.0,12250.0,14531.0,16710.0,21506.0,29461.0,37309.0,60541.0,240420.0,245639.0,245639.0,245639.0,245639.0,64650.0,7757.0,10295.0,61091.0,64874.0,67664.0,70078.0,72510.0,73922.0,82143.0,464563.0,540602.0,540602.0,540602.0,540602.0,6011049.0,0.0,0.0,0.0,0.0,0.0,0.0,0.0,0.0,0.0,0.0,0.0,1.0,0.0,0.0,0.0,0.0,0.0,2887207.0,2887207.0,0.0,0.0,0.0,0.0,0.0,0.0,0.0,0.0,0.0,0.0,0.0,0.0,0.0,0.0,0.0,0.0,0.0,0.0,0.0,0.0,0.0,0.0,0.0,0.0,0.0,0.0,0.0,0.0,0.0,0.0,0.0,0.0,0.0,0.0,0.0,0.0,0.0,1.0,1.0,1.0,1.0,1.0,1.0,1.0,1.0,2.0,2.0,3.0,3.0,3.0,3.0,3.0,11.0,1.0,1.0,2.0,4.0,9.0,18.0,27.0,29.0,32.0,36.0,37.0,37.0,37.0,37.0,w13,1,42,2,c220g1,1100,4200,0
0.0,47062.246055215,47033.760538958,6546750.0,3871846.0,2674904.0,12732315136.0,7509632512.0,5222682624.0,8425183744.0,5786755072.0,1310351872.0,9.85495,6566179.0,704419.0,10.72799,1227962442.0,1221415692.0,232833365.0,528.0,733.0,15828.0,45033.0,398587.0,1934847.0,8002058.0,14553394.0,34016330.0,118933041317.0,221808855706.0,221808855706.0,221808855706.0,221808855706.0,16054636.0,24585.0,35496.0,53171.0,3574431.0,7783392.0,18422731.0,37018451.0,58599968.0,142160785.0,209362474.0,218322688.0,218322688.0,218322688.0,218322688.0,39874996.0,1602866.0,5244738.0,6871212.0,13697241.0,28542827.0,61197355.0,92781666.0,123100846.0,138538432.0,138873718.0,138873718.0,138873718.0,138873718.0,138873718.0,8670349.0,24058987520.0,5995445.0,18836304896.0,2674904.0,5222682624.0,8670349.0,0.0,19870218.0,66456.0,2104431.0,2938595.0,5308402.0,10258299.0,23166542.0,44051755.0,70133363.0,144621822.0,210216402.0,218263403.0,218263403.0,218263403.0,218263403.0,4042483.0,125075.0,129182.0,160803.0,274292.0,906387.0,7884247.0,13722812.0,15396481.0,16508235.0,16619152.0,16619152.0,16619152.0,16619152.0,16619152.0,3940.0,512.0,2048.0,4096.0,4096.0,4096.0,4096.0,4096.0,4096.0,4410.0,8192.0,8192.0,8192.0,8192.0,8192.0,2018.0,512.0,1536.0,2048.0,2048.0,2048.0,2048.0,2048.0,2048.0,3686.0,4096.0,4096.0,4096.0,4096.0,4096.0,199360.0,0.0,400862.0,0.0,100.0,6715633.0,6011215.0,0.0,1.0,0.0,17967.0,4085.0,10061.0,11353.0,13961.0,15861.0,19640.0,23903.0,27782.0,55687.0,219133.0,250710.0,250710.0,250710.0,250710.0,63514.0,7610.0,8786.0,61526.0,62974.0,65087.0,67846.0,71518.0,76415.0,110842.0,450827.0,522131.0,522131.0,522131.0,522131.0,6011215.0,0.0,0.0,0.0,0.0,0.0,0.0,0.0,0.0,0.0,0.0,0.0,1.0,0.0,0.0,0.0,0.0,0.0,2887205.0,2887205.0,0.0,0.0,0.0,0.0,0.0,0.0,0.0,0.0,0.0,0.0,0.0,0.0,0.0,0.0,0.0,0.0,0.0,0.0,0.0,0.0,0.0,0.0,0.0,0.0,0.0,0.0,0.0,0.0,0.0,0.0,0.0,0.0,0.0,0.0,0.0,0.0,0.0,1.0,1.0,1.0,1.0,1.0,1.0,1.0,1.0,2.0,2.0,3.0,3.0,3.0,3.0,3.0,11.0,1.0,1.0,1.0,4.0,8.0,17.0,28.0,31.0,34.0,38.0,38.0,38.0,38.0,38.0,w13,1,42,2,c220g1,1100,4200,2
0.0,46859.106210373,46848.730836982,6546750.0,3871846.0,2674904.0,12732315136.0,7509632512.0,5222682624.0,8425183744.0,5786755072.0,1310376448.0,9.85513,6566179.0,704521.0,10.72954,1253313182.0,1246766432.0,232810811.0,500.0,765.0,14910.0,43491.0,390388.0,1936699.0,7959031.0,14169498.0,34018137.0,118933036295.0,221808846382.0,221808846382.0,221808846382.0,221808846382.0,15366054.0,24196.0,32473.0,44199.0,4000082.0,7905632.0,17985734.0,34601651.0,55728557.0,115840229.0,194679216.0,219026777.0,219026777.0,219026777.0,219026777.0,27948681.0,1704960.0,3364168.0,4168185.0,8336079.0,18630036.0,45463541.0,59734026.0,87214959.0,126718842.0,127969575.0,127969575.0,127969575.0,127969575.0,127969575.0,8670251.0,24058542592.0,5995347.0,18835859968.0,2674904.0,5222682624.0,8670251.0,0.0,18270495.0,68569.0,2345292.0,3225691.0,5550903.0,9829280.0,20944074.0,42516605.0,62256383.0,121424503.0,197124368.0,219006116.0,219006116.0,219006116.0,219006116.0,3602237.0,106117.0,155128.0,183458.0,475265.0,1896610.0,7379345.0,8900801.0,9347476.0,13776435.0,14558481.0,14558481.0,14558481.0,14558481.0,14558481.0,3940.0,512.0,2048.0,4096.0,4096.0,4096.0,4096.0,4096.0,4096.0,4410.0,8192.0,8192.0,8192.0,8192.0,8192.0,2018.0,512.0,1536.0,2048.0,2048.0,2048.0,2048.0,2048.0,2048.0,3686.0,4096.0,4096.0,4096.0,4096.0,4096.0,199360.0,0.0,400750.0,0.0,100.0,6715633.0,6011112.0,0.0,1.0,0.0,7789.0,1063.0,2087.0,3357.0,5298.0,6610.0,7623.0,15751.0,17732.0,28120.0,38596.0,39315.0,39315.0,39315.0,39315.0,62069.0,5978.0,7387.0,62194.0,63652.0,65329.0,66573.0,69247.0,70939.0,76575.0,360635.0,414827.0,414827.0,414827.0,414827.0,0.0,0.0,0.0,0.0,0.0,0.0,0.0,0.0,0.0,0.0,0.0,0.0,0.0,0.0,0.0,0.0,0.0,0.0,0.0,0.0,0.0,0.0,0.0,0.0,0.0,0.0,0.0,0.0,0.0,0.0,0.0,0.0,0.0,0.0,0.0,0.0,0.0,0.0,0.0,0.0,0.0,0.0,0.0,0.0,0.0,0.0,0.0,0.0,0.0,0.0,0.0,0.0,0.0,0.0,0.0,0.0,0.0,1.0,1.0,1.0,1.0,1.0,1.0,1.0,1.0,2.0,2.0,3.0,3.0,3.0,3.0,3.0,11.0,1.0,1.0,1.0,4.0,10.0,16.0,22.0,24.0,29.0,33.0,34.0,34.0,34.0,34.0,w13,1,42,2,c220g1,1100,0,1
0.0,47003.75507653,46986.586730825,6546750.0,3871846.0,2674904.0,12732315136.0,7509632512.0,5222682624.0,8425183744.0,5786755072.0,1310478336.0,9.8559,6566179.0,704518.0,10.7295,1169315540.0,1162768790.0,232811302.0,484.0,655.0,17951.0,45913.0,399699.0,1949464.0,8037838.0,14258447.0,34114680.0,118933030391.0,221808835794.0,221808835794.0,221808835794.0,221808835794.0,15641973.0,23477.0,32563.0,47243.0,3783228.0,8561530.0,19084250.0,35775508.0,51231497.0,121654165.0,194900281.0,216792523.0,216792523.0,216792523.0,216792523.0,27113389.0,1834081.0,3711318.0,4591756.0,9200967.0,20875153.0,40449204.0,60861934.0,71308088.0,115158188.0,119738678.0,119738678.0,119738678.0,119738678.0,119738678.0,8670254.0,24058583040.0,5995350.0,18835900416.0,2674904.0,5222682624.0,8670254.0,0.0,18542828.0,182500.0,2500346.0,3298417.0,5416728.0,11027657.0,22072836.0,41507763.0,58807994.0,123215003.0,197079816.0,216746728.0,216746728.0,216746728.0,216746728.0,1531752.0,128058.0,144892.0,166900.0,238842.0,1033568.0,1969410.0,3509517.0,4279477.0,11447990.0,12901962.0,12901962.0,12901962.0,12901962.0,12901962.0,3940.0,512.0,2048.0,4096.0,4096.0,4096.0,4096.0,4096.0,4096.0,4096.0,8192.0,8192.0,8192.0,8192.0,8192.0,2018.0,512.0,1536.0,2048.0,2048.0,2048.0,2048.0,2048.0,2048.0,3686.0,4096.0,4096.0,4096.0,4096.0,4096.0,199360.0,0.0,400769.0,0.0,100.0,6715633.0,6011119.0,0.0,1.0,0.0,20206.0,4328.0,11765.0,12832.0,14790.0,17108.0,21017.0,30137.0,38620.0,58864.0,242636.0,266841.0,266841.0,266841.0,266841.0,64763.0,7995.0,9216.0,63834.0,65316.0,67484.0,69654.0,72909.0,76173.0,85260.0,385863.0,462947.0,462947.0,462947.0,462947.0,6011119.0,0.0,0.0,0.0,0.0,0.0,0.0,0.0,0.0,0.0,0.0,0.0,1.0,0.0,0.0,0.0,0.0,0.0,2887207.0,2887207.0,0.0,0.0,0.0,0.0,0.0,0.0,0.0,0.0,0.0,0.0,0.0,0.0,0.0,0.0,0.0,0.0,0.0,0.0,0.0,0.0,0.0,0.0,0.0,0.0,0.0,0.0,0.0,0.0,0.0,0.0,0.0,0.0,0.0,0.0,0.0,0.0,0.0,1.0,1.0,1.0,1.0,1.0,1.0,1.0,1.0,2.0,2.0,3.0,3.0,3.0,3.0,3.0,11.0,1.0,1.0,2.0,4.0,10.0,16.0,23.0,26.0,27.0,30.0,31.0,31.0,31.0,31.0,w13,1,42,2,c220g1,1100,4200,1
